species_full,train_rows,test_rows,catboost_coverage_status
Shorea balangeran,120,21,TRAIN_SEEN
Hopea odorata,93,1,TRAIN_SEEN
Shorea parvifolia,84,11,TRAIN_SEEN
Dyera polyphylla,80,24,TRAIN_SEEN
Shorea leprosula,70,10,TRAIN_SEEN
Shorea macrophylla,53,8,TRAIN_SEEN
Dryobalanops lanceolata,47,13,TRAIN_SEEN
Alstonia pneumatophora,43,0,TRAIN_SEEN
Shorea seminis,39,2,TRAIN_SEEN
Shorea macroptera,33,12,TRAIN_SEEN
Dipterocarpus scaber,31,0,TRAIN_SEEN
Michelia chapensis,30,0,TRAIN_SEEN
Psychotria asiatica,30,0,TRAIN_SEEN
Castanopsis sclerophylla,29,0,TRAIN_SEEN
Shorea pauciflora,27,3,TRAIN_SEEN
Combretocarpus rotundatus,26,9,TRAIN_SEEN
Shorea ovalis,25,10,TRAIN_SEEN
Durio carinatus,23,0,TRAIN_SEEN
Shorea johorensis,22,21,TRAIN_SEEN
Shorea roxburghii,22,0,TRAIN_SEEN
Anisoptera marginata,22,0,TRAIN_SEEN
Dryobalanops beccarii,22,0,TRAIN_SEEN
Peronema canescens,21,0,TRAIN_SEEN
Shorea virescens,21,0,TRAIN_SEEN
Shorea mecistopteryx,20,0,TRAIN_SEEN
Shorea pinanga,20,0,TRAIN_SEEN
Parashorea malaanonan,20,6,TRAIN_SEEN
Castanopsis fissa,20,8,TRAIN_SEEN
Dryobalanops sumatrensis,19,0,TRAIN_SEEN
Shorea ovata,18,0,TRAIN_SEEN
Gonystylus bancanus,18,3,TRAIN_SEEN
Parashorea macrophylla,18,0,TRAIN_SEEN
Durio zibethinus,17,0,TRAIN_SEEN
Shorea platyclados,16,3,TRAIN_SEEN
Pentaspadon motleyi,16,0,TRAIN_SEEN
Melaleuca cajuputi,16,0,TRAIN_SEEN
Acacia mangium,15,1,TRAIN_SEEN
Hopea kerangasensis,15,0,TRAIN_SEEN
Shorea fallax,14,2,TRAIN_SEEN
Schima superba,14,25,TRAIN_SEEN
Hopea nervosa,14,6,TRAIN_SEEN
Madhuca motleyana,13,0,TRAIN_SEEN
Endospermum diadenum,12,0,TRAIN_SEEN
Dacryodes rostrata,12,0,TRAIN_SEEN
Dipterocarpus turbinatus,12,0,TRAIN_SEEN
Castanopsis purpurella,12,0,TRAIN_SEEN
Myrica esculenta,12,0,TRAIN_SEEN
Intsia palembanica,11,0,TRAIN_SEEN
Agathis borneensis,11,0,TRAIN_SEEN
Shorea curtisii,11,0,TRAIN_SEEN
Vatica sp,11,0,TRAIN_SEEN
Prunus campanulata,11,6,TRAIN_SEEN
Palaquium leiocarpum,11,0,TRAIN_SEEN
Campnosperma squamatum,11,0,TRAIN_SEEN
Dalbergia cochinchinensis,11,0,TRAIN_SEEN
Cotylelobium burckii,10,0,TRAIN_SEEN
Eugenia sp,10,0,TRAIN_SEEN
Hopea beccariana,10,0,TRAIN_SEEN
Whiteodendron moultonianum,10,0,TRAIN_SEEN
Baccaurea bracteata,10,0,TRAIN_SEEN
Horsfieldia crassifolia,10,0,TRAIN_SEEN
Afzelia xylocarpa,10,0,TRAIN_SEEN
Xylia xylocarpa,10,0,TRAIN_SEEN
Shorea henryana,10,0,TRAIN_SEEN
Schima wallichii,9,6,TRAIN_SEEN
Hopea sangal,9,9,TRAIN_SEEN
Alstonia angustiloba,9,0,TRAIN_SEEN
Macaranga pruinosa,9,0,TRAIN_SEEN
Syzygium hancei,9,0,TRAIN_SEEN
Michelia macclurei,9,7,TRAIN_SEEN
Vitex pinnata,8,0,TRAIN_SEEN
Hopea pubescens,8,0,TRAIN_SEEN
Swietenia macrophylla,8,6,TRAIN_SEEN
Palaquium gutta,8,0,TRAIN_SEEN
Neobalanocarpus heimii,8,0,TRAIN_SEEN
Mesua ferrea,8,0,TRAIN_SEEN
Hovenia dulcis,8,6,TRAIN_SEEN
Shorea platycarpa,8,0,TRAIN_SEEN
Calophyllum ferrugineum,8,0,TRAIN_SEEN
Aglaia rubiginosa,8,0,TRAIN_SEEN
Sandoricum beccarianum,8,0,TRAIN_SEEN
Calophyllum sclerophyllum,8,0,TRAIN_SEEN
Dipterocarpus gracilis,8,0,TRAIN_SEEN
Manglietia longipedunculata,8,0,TRAIN_SEEN
Aquilaria sinensis,7,0,TRAIN_SEEN
Archidendron jiringa,7,0,TRAIN_SEEN
Parkia speciosa,7,1,TRAIN_SEEN
Artocarpus heterophyllus,7,1,TRAIN_SEEN
Shorea smithiana,7,3,TRAIN_SEEN
Hopea ferruginea,7,6,TRAIN_SEEN
Koompassia excelsa,7,0,TRAIN_SEEN
Mangifera pajang,7,0,TRAIN_SEEN
Parashorea smythiesii,7,0,TRAIN_SEEN
Parashorea tomentella,7,9,TRAIN_SEEN
Pentace adenophora,7,0,TRAIN_SEEN
Baccaurea sp,7,0,TRAIN_SEEN
Shorea falciferoides,7,0,TRAIN_SEEN
Shorea leptoderma,7,0,TRAIN_SEEN
Shorea xanthophylla,7,0,TRAIN_SEEN
Dryobalanops keithii,7,0,TRAIN_SEEN
Fagraea fragrans,7,0,TRAIN_SEEN
Dialium indum,7,0,TRAIN_SEEN
Dipterocarpus caudiferus,7,0,TRAIN_SEEN
Azadirachta excelsa,6,0,TRAIN_SEEN
Sindora coriacea,6,0,TRAIN_SEEN
Garcinia hombroniana,6,0,TRAIN_SEEN
Eusideroxylon zwageri,6,3,TRAIN_SEEN
Shorea gibbosa,6,6,TRAIN_SEEN
Calophyllum inophyllum,6,3,TRAIN_SEEN
Shorea selanica,6,0,TRAIN_SEEN
Erythrina subumbrans,6,2,TRAIN_SEEN
Gmelina arborea,6,3,TRAIN_SEEN
Dimocarpus longan,6,0,TRAIN_SEEN
Baccaurea angulata,6,0,TRAIN_SEEN
Mangifera sp,6,0,TRAIN_SEEN
Pentace laxiflora,6,0,TRAIN_SEEN
Shorea beccariana,6,6,TRAIN_SEEN
Shorea faguetioides,6,0,TRAIN_SEEN
Canarium sp,6,0,TRAIN_SEEN
Sindora beccariana,6,0,TRAIN_SEEN
Walsura pinnata,6,0,TRAIN_SEEN
Diospyros sp,6,0,TRAIN_SEEN
Dipterocarpus conformis,6,6,TRAIN_SEEN
Durio sp,6,0,TRAIN_SEEN
Hopea mengarawan,6,0,TRAIN_SEEN
Macaranga gigantea,6,0,TRAIN_SEEN
Adenanthera pavonina,6,1,TRAIN_SEEN
Syzygium sp,6,0,TRAIN_SEEN
Alstonia spatulata,6,1,TRAIN_SEEN
Stemonurus secundiflorus,6,0,TRAIN_SEEN
Shorea hopeifolia,6,0,TRAIN_SEEN
Tetramerista glabra,6,5,TRAIN_SEEN
Shorea gratissima,6,0,TRAIN_SEEN
Parashorea stellata,6,0,TRAIN_SEEN
Cananga odorata,5,0,TRAIN_SEEN
Careya arborea,5,0,TRAIN_SEEN
Shorea assamica,5,3,TRAIN_SEEN
Calophyllum blancoi,5,1,TRAIN_SEEN
Shorea materialis,5,0,TRAIN_SEEN
Nephelium maingayi,5,0,TRAIN_SEEN
Melia azedarach,5,3,TRAIN_SEEN
Heynea trijuga,5,5,TRAIN_SEEN
Shorea argentifolia,5,8,TRAIN_SEEN
Tectona grandis,5,0,TRAIN_SEEN
Vatica pauciflora,5,0,TRAIN_SEEN
Polyalthia lateriflora,5,0,TRAIN_SEEN
Syzygium kunstleri,5,0,TRAIN_SEEN
Sterculia gilva,5,0,TRAIN_SEEN
Syzygium oblatum,5,0,TRAIN_SEEN
Cinnamomum rhynchophyllum,5,0,TRAIN_SEEN
Ixora grandifolia,5,0,TRAIN_SEEN
Polyalthia glauca,5,0,TRAIN_SEEN
Mangifera griffithii,5,0,TRAIN_SEEN
Neesia malayana,5,0,TRAIN_SEEN
Persea membranacea,5,0,TRAIN_SEEN
Dacryodes incurvata,5,0,TRAIN_SEEN
Litsea costata,5,0,TRAIN_SEEN
Campnosperma coriaceum,5,0,TRAIN_SEEN
Garcinia bancana,5,0,TRAIN_SEEN
Xanthophyllum ellipticum,5,0,TRAIN_SEEN
Pericopsis mooniana,5,7,TRAIN_SEEN
Podocarpus polystachyus,5,0,TRAIN_SEEN
Agathis dammara,5,0,TRAIN_SEEN
Bischofia javanica,5,6,TRAIN_SEEN
Cinnamomum burmannii,5,4,TRAIN_SEEN
Shorea faguetiana,4,6,TRAIN_SEEN
Dipterocarpus cornutus,4,2,TRAIN_SEEN
Khaya ivorensis,4,1,TRAIN_SEEN
Dipterocarpus zeylanicus,4,7,TRAIN_SEEN
Shorea disticha,4,0,TRAIN_SEEN
Shorea megistophylla,4,0,TRAIN_SEEN
Shorea trapezifolia,4,0,TRAIN_SEEN
Shorea guiso,4,0,TRAIN_SEEN
Sapindus rarak,4,6,TRAIN_SEEN
Alstonia scholaris,4,0,TRAIN_SEEN
Triadica cochinchinensis,4,0,TRAIN_SEEN
Beilschmiedia sp,4,0,TRAIN_SEEN
Engelhardia spicata,4,0,TRAIN_SEEN
Cratoxylum arborescens,4,6,TRAIN_SEEN
Acacia crassicarpa,4,0,TRAIN_SEEN
Artocarpus integer,4,0,TRAIN_SEEN
Cratoxylum glaucum,4,0,TRAIN_SEEN
Dipterocarpus applanatus,4,0,TRAIN_SEEN
Elaeocarpus serratus,4,0,TRAIN_SEEN
Elaeocarpus tuberculatus,4,0,TRAIN_SEEN
Myristica dactyloides,4,0,TRAIN_SEEN
Semecarpus travancoricus,4,0,TRAIN_SEEN
Syzygium gardneri,4,0,TRAIN_SEEN
Ormosia travancorica,4,0,TRAIN_SEEN
Prunus ceylanica,4,0,TRAIN_SEEN
Palaquium ellipticum,4,0,TRAIN_SEEN
Cullenia exarillata,4,0,TRAIN_SEEN
Hopea ferrea,4,0,TRAIN_SEEN
Streblus elongatus,4,0,TRAIN_SEEN
Ficus fistulosa,4,0,TRAIN_SEEN
Ostodes paniculata,4,0,TRAIN_SEEN
Quercus gomeziana,4,0,TRAIN_SEEN
Castanopsis tribuloides,4,4,TRAIN_SEEN
Syzygium lineatum,3,0,TRAIN_SEEN
Shorea polyandra,3,0,TRAIN_SEEN
Dipterocarpus kunstleri,3,0,TRAIN_SEEN
Fagraea crenulata,3,1,TRAIN_SEEN
Shorea acuminata,3,0,TRAIN_SEEN
Stemonurus scorpioides,3,1,TRAIN_SEEN
Homalium caryophyllaceum,3,0,TRAIN_SEEN
Schefflera heptaphylla,3,6,TRAIN_SEEN
Octomeles sumatrana,3,0,TRAIN_SEEN
Falcataria moluccana,3,0,TRAIN_SEEN
Alseodaphne coriacea,3,0,TRAIN_SEEN
Lithocarpus dasystachyus,3,0,TRAIN_SEEN
Syzygium leptostemon,3,0,TRAIN_SEEN
Gymnacranthera farquhariana,3,0,TRAIN_SEEN
Choerospondias axillaris,3,5,TRAIN_SEEN
Anisoptera costata,3,0,TRAIN_SEEN
Litsea sp,3,0,TRAIN_SEEN
Coffea liberica,3,2,TRAIN_SEEN
Areca catechu,3,0,TRAIN_SEEN
Shorea laevis,3,2,TRAIN_SEEN
Shorea dasyphylla,3,0,TRAIN_SEEN
Shorea singkawang,3,0,TRAIN_SEEN
Shorea lamellata,3,0,TRAIN_SEEN
Dipterocarpus sp,3,0,TRAIN_SEEN
Shorea blumutensis,3,0,TRAIN_SEEN
Shorea scaberrima,3,0,TRAIN_SEEN
Acrocarpus fraxinifolius,3,2,TRAIN_SEEN
Tetradium glabrifolium,3,0,TRAIN_SEEN
Ficus subulata,3,1,TRAIN_SEEN
Helicia nilagirica,3,1,TRAIN_SEEN
Phyllanthus emblica,3,1,TRAIN_SEEN
Terminalia bellirica,3,1,TRAIN_SEEN
Alseodaphne andersonii,3,4,TRAIN_SEEN
Castanopsis acuminatissima,3,1,TRAIN_SEEN
Castanopsis diversifolia,3,0,TRAIN_SEEN
Dalbergia ovata,3,0,TRAIN_SEEN
Debregeasia longifolia,3,0,TRAIN_SEEN
Ficus variegata,2,0,TRAIN_SEEN
Syzygium scortechinii,2,0,TRAIN_SEEN
Syzygium nervosum,2,0,TRAIN_SEEN
Macaranga motleyana,2,0,TRAIN_SEEN
Glochidion rubrum,2,0,TRAIN_SEEN
Cleistanthus oblongifolius,2,0,TRAIN_SEEN
Cinnamomum verum,2,0,TRAIN_SEEN
Mangifera indica,2,1,TRAIN_SEEN
Diospyros areolata,2,0,TRAIN_SEEN
Calophyllum soulattri,2,0,TRAIN_SEEN
Shorea multiflora,2,0,TRAIN_SEEN
Shorea uliginosa,2,1,TRAIN_SEEN
Xylopia fusca,2,0,TRAIN_SEEN
Syzygium spathulatum,2,0,TRAIN_SEEN
Macaranga indica,2,0,TRAIN_SEEN
Symplocos cochinchinensis,2,0,TRAIN_SEEN
Diospyros siamang,2,0,TRAIN_SEEN
Aquilaria malaccensis,2,0,TRAIN_SEEN
Duabanga moluccana,2,0,TRAIN_SEEN
Macaranga pearsonii,2,0,TRAIN_SEEN
Neonauclea longipedunculata,2,0,TRAIN_SEEN
Allophylus cobbe,2,0,TRAIN_SEEN
Diospyros evena,2,0,TRAIN_SEEN
Angelesia splendens,2,0,TRAIN_SEEN
Planchonella malaccensis,2,0,TRAIN_SEEN
Castanopsis indica,2,0,TRAIN_SEEN
Castanea henryi,2,0,TRAIN_SEEN
Nephelium lappaceum,2,0,TRAIN_SEEN
Quercus acutissima,2,0,TRAIN_SEEN
Ternstroemia magnifica,2,0,TRAIN_SEEN
Lophopetalum rigidum,2,0,TRAIN_SEEN
Shorea thorelii,2,0,TRAIN_SEEN
Dalbergia bariensis,2,0,TRAIN_SEEN
Dipterocarpus costatus,2,0,TRAIN_SEEN
Dipterocarpus dyeri,2,0,TRAIN_SEEN
Litsea pierrei,2,0,TRAIN_SEEN
Sindora siamensis,2,0,TRAIN_SEEN
Macaranga sp,2,0,TRAIN_SEEN
Syzygium grande,2,0,TRAIN_SEEN
Ficus superba,2,0,TRAIN_SEEN
Hibiscus tiliaceus,2,0,TRAIN_SEEN
Etlingera polyantha,2,0,TRAIN_SEEN
Mallotus paniculatus,2,0,TRAIN_SEEN
Aporosa sp,2,0,TRAIN_SEEN
Eucalyptus grandis,2,0,TRAIN_SEEN
Shorea glauca,2,0,TRAIN_SEEN
Dipterocarpus baudii,2,0,TRAIN_SEEN
Magnolia sumatrana,2,0,TRAIN_SEEN
Pterocarpus macrocarpus,2,1,TRAIN_SEEN
Vatica cinerea,2,0,TRAIN_SEEN
Liquidambar formosana,2,0,TRAIN_SEEN
Cinnamomum camphora,2,1,TRAIN_SEEN
Persea americana,1,0,TRAIN_SEEN
Schleichera oleosa,1,0,TRAIN_SEEN
Lithocarpus bennettii,1,0,TRAIN_SEEN
Dillenia excelsa,1,0,TRAIN_SEEN
Shorea stenoptera,1,0,TRAIN_SEEN
Shorea javanica,1,0,TRAIN_SEEN
Sterculia oblongata,1,0,TRAIN_SEEN
Palaquium sp,1,0,TRAIN_SEEN
Sindora leiocarpa,1,0,TRAIN_SEEN
Terminalia subspathulata,1,0,TRAIN_SEEN
Irvingia malayana,1,0,TRAIN_SEEN
Koompassia malaccensis,1,0,TRAIN_SEEN
Scaphium macropodum,1,0,TRAIN_SEEN
Horsfieldia irya,1,0,TRAIN_SEEN
Nageia wallichiana,1,0,TRAIN_SEEN
Dillenia eximia,1,0,TRAIN_SEEN
Shorea palembanica,1,0,TRAIN_SEEN
Xerospermum noronhianum,1,0,TRAIN_SEEN
Kokoona ochracea,1,0,TRAIN_SEEN
Archidendron ellipticum,1,0,TRAIN_SEEN
Durio griffithii,1,0,TRAIN_SEEN
Artocarpus elasticus,1,0,TRAIN_SEEN
Bhesa paniculata,1,0,TRAIN_SEEN
Archidendron bubalinum,1,0,TRAIN_SEEN
Dyera costulata,1,0,TRAIN_SEEN
Saraca declinata,1,0,TRAIN_SEEN
Araucaria hunsteinii,1,0,TRAIN_SEEN
Elaeocarpus sylvestris,1,1,TRAIN_SEEN
Elaeocarpus floribundus,1,0,TRAIN_SEEN
Aquilaria microcarpa,1,0,TRAIN_SEEN
Metroxylon sagu,1,0,TRAIN_SEEN
Acer oliverianum,1,0,TRAIN_SEEN
Crataegus scabrifolia,1,0,TRAIN_SEEN
Quercus lamellosa,1,0,TRAIN_SEEN
Diospyros kaki,1,0,TRAIN_SEEN
Elaeocarpus lanceifolius,1,0,TRAIN_SEEN
Ilex polyneura,1,0,TRAIN_SEEN
Ligustrum lucidum,1,0,TRAIN_SEEN
Lindera communis,1,0,TRAIN_SEEN
Lindera megaphylla,1,0,TRAIN_SEEN
Lindera thomsonii,1,0,TRAIN_SEEN
Actinodaphne obovata,1,0,TRAIN_SEEN
Lithocarpus hancei,1,0,TRAIN_SEEN
Litsea mollis,1,0,TRAIN_SEEN
Machilus rufipes,1,0,TRAIN_SEEN
Machilus yunnanensis,1,0,TRAIN_SEEN
Manglietia hookeri,1,0,TRAIN_SEEN
Michelia doltsopa,1,0,TRAIN_SEEN
Myrsine semiserrata,1,0,TRAIN_SEEN
Prunus wilsonii,1,0,TRAIN_SEEN
Polyspora longicarpa,1,0,TRAIN_SEEN
Magnolia cathcartii,1,0,TRAIN_SEEN
Sorbus corymbifera,1,0,TRAIN_SEEN
Symplocos paniculata,1,0,TRAIN_SEEN
Tetradium ruticarpum,1,0,TRAIN_SEEN
Turpinia cochinchinensis,1,0,TRAIN_SEEN
Alnus nepalensis,1,0,TRAIN_SEEN
Betula alnoides,1,0,TRAIN_SEEN
Celtis cerasifera,1,0,TRAIN_SEEN
Prunus cerasoides,1,0,TRAIN_SEEN
Prunus serrulata,1,0,TRAIN_SEEN
Artocarpus odoratissimus,1,0,TRAIN_SEEN
Shorea acuminatissima,1,0,TRAIN_SEEN
Shorea agamii,1,0,TRAIN_SEEN
Baccaurea motleyana,1,0,TRAIN_SEEN
Shorea parvistipulata,1,2,TRAIN_SEEN
Ficus benjamina,1,1,TRAIN_SEEN
Heritiera simplicifolia,1,0,TRAIN_SEEN
Ceiba pentandra,1,0,TRAIN_SEEN
Casuarina equisetifolia,1,1,TRAIN_SEEN
Eucalyptus alba,1,0,TRAIN_SEEN
Corymbia intermedia,1,0,TRAIN_SEEN
Eucalyptus pilularis,1,0,TRAIN_SEEN
Eucalyptus deglupta,1,0,TRAIN_SEEN
Eucalyptus urophylla,1,0,TRAIN_SEEN
Eucalyptus camaldulensis,1,0,TRAIN_SEEN
Eucalyptus tereticornis,1,0,TRAIN_SEEN
Eucalyptus pellita,1,0,TRAIN_SEEN
Corymbia torelliana,1,0,TRAIN_SEEN
Artocarpus sp,1,0,TRAIN_SEEN
Dillenia sp,1,0,TRAIN_SEEN
Pterocarpus dalbergioides,1,1,TRAIN_SEEN
Gonystylus affinis,1,0,TRAIN_SEEN
Sindora sp,1,0,TRAIN_SEEN
Parashorea densiflora,1,0,TRAIN_SEEN
Dialium platysepalum,1,0,TRAIN_SEEN
Acacia auriculiformis,1,9,TRAIN_SEEN
Cotylelobium lanceolatum,1,0,TRAIN_SEEN
Holigarna nigra,1,0,TRAIN_SEEN
Vateria indica,1,1,TRAIN_SEEN
Syzygium munroi,1,0,TRAIN_SEEN
Actinodaphne sp,1,0,TRAIN_SEEN
Lauraceae sp,1,0,TRAIN_SEEN
Litsea insignis,1,0,TRAIN_SEEN
Litsea oleoides,1,0,TRAIN_SEEN
Litsea stocksii,1,0,TRAIN_SEEN
Nothopegia castaneifolia,1,0,TRAIN_SEEN
Persea macrantha,1,1,TRAIN_SEEN
Michelia champaca,1,0,TRAIN_SEEN
Aglaia exstipulata,1,0,TRAIN_SEEN
Ficus beddomei,1,0,TRAIN_SEEN
Ficus nervosa,1,0,TRAIN_SEEN
Maesa indica,1,0,TRAIN_SEEN
Syzygium pycnanthum,1,0,TRAIN_SEEN
Syzygium racemosum,1,0,TRAIN_SEEN
Olea dioica,1,0,TRAIN_SEEN
Atalantia racemosa,1,0,TRAIN_SEEN
Vepris bilocularis,1,0,TRAIN_SEEN
Filicium decipiens,1,0,TRAIN_SEEN
Sterculia guttata,1,0,TRAIN_SEEN
Antidesma montanum,1,0,TRAIN_SEEN
Clerodendrum viscosum,1,0,TRAIN_SEEN
Bhesa indica,1,0,TRAIN_SEEN
Euonymus angulatus,1,0,TRAIN_SEEN
Calophyllum austroindicum,1,0,TRAIN_SEEN
Altingia excelsa,1,0,TRAIN_SEEN
Castanopsis argentea,1,0,TRAIN_SEEN
Dacrycarpus imbricatus,1,0,TRAIN_SEEN
Sloanea sigun,1,0,TRAIN_SEEN
Dipterocarpus oblongifolius,1,0,TRAIN_SEEN
Artocarpus hispidus,1,0,TRAIN_SEEN
Heritiera javanica,1,0,TRAIN_SEEN
Dryobalanops oblongifolia,1,0,TRAIN_SEEN
Artocarpus altilis,1,0,TRAIN_SEEN
Calophyllum wallichiana,1,0,TRAIN_SEEN
Acer davidii,1,0,TRAIN_SEEN
Quercus myrsinifolia,1,0,TRAIN_SEEN
Daphniphyllum pentandrum,1,0,TRAIN_SEEN
Diospyros japonica,1,0,TRAIN_SEEN
Koelreuteria bipinnata,1,0,TRAIN_SEEN
Lithocarpus glaber,1,0,TRAIN_SEEN
Nyssa sinensis,1,0,TRAIN_SEEN
Pinus thunbergii,1,7,TRAIN_SEEN
Quercus fabrei,1,0,TRAIN_SEEN
Rhus chinensis,1,0,TRAIN_SEEN
Sapindus mukorossi,1,0,TRAIN_SEEN
Triadica sebifera,1,0,TRAIN_SEEN
Castanopsis carlesii,1,1,TRAIN_SEEN
Castanopsis eyrei,1,0,TRAIN_SEEN
Cunninghamia lanceolata,1,0,TRAIN_SEEN
Quercus glauca,1,0,TRAIN_SEEN
Michelia maudiae,1,0,TRAIN_SEEN
Syzygium hainanense,1,0,TRAIN_SEEN
Trema cannabina,1,0,TRAIN_SEEN
Magnolia odora,1,0,TRAIN_SEEN
Castanopsis hystrix,1,6,TRAIN_SEEN
Elaeocarpus obtusus,1,0,TRAIN_SEEN
Garcinia oblongifolia,1,0,TRAIN_SEEN
Litsea cubeba,1,0,TRAIN_SEEN
Machilus chinensis,1,0,TRAIN_SEEN
Quercus edithiae,0,12,TEST_ONLY
Caryota urens,0,7,TEST_ONLY
Shorea stipularis,0,7,TEST_ONLY
Cryptocarya chinensis,0,6,TEST_ONLY
Castanea chinensis,0,6,TEST_ONLY
Macaranga denticulata,0,5,TEST_ONLY
Sarcosperma arboreum,0,5,TEST_ONLY
Palaquium burckii,0,5,TEST_ONLY
Palaquium sumatranum,0,5,TEST_ONLY
Syzygium cumini,0,5,TEST_ONLY
Calophyllum lowei,0,4,TEST_ONLY
Alangium kurzii,0,4,TEST_ONLY
Bauhinia variegata,0,4,TEST_ONLY
Erythrina stricta,0,4,TEST_ONLY
Glochidion sphaerogynum,0,4,TEST_ONLY
Holoptelea integrifolia,0,4,TEST_ONLY
Litsea glutinosa,0,4,TEST_ONLY
Markhamia stipulata,0,4,TEST_ONLY
Toona hexandra,0,4,TEST_ONLY
Antidesma bunius,0,4,TEST_ONLY
Artocarpus lakoocha,0,4,TEST_ONLY
Pongamia pinnata,0,2,TEST_ONLY
Quercus semiserrata,0,2,TEST_ONLY
Vatica albiramis,0,2,TEST_ONLY
Parashorea sp,0,2,TEST_ONLY
Calophyllum biflorum,0,2,TEST_ONLY
Balakata luzonica,0,1,TEST_ONLY
Neolamarckia cadamba,0,1,TEST_ONLY
Dracontomelon dao,0,1,TEST_ONLY
Terminalia procera,0,1,TEST_ONLY
Vitex turczaninowii,0,1,TEST_ONLY
Tristaniopsis decorticata,0,1,TEST_ONLY
Vitex parviflora,0,1,TEST_ONLY
Pangium edule,0,1,TEST_ONLY
Artocarpus blancoi,0,1,TEST_ONLY
Pouteria macrantha,0,1,TEST_ONLY
Palaquium pinnatinervium,0,1,TEST_ONLY
Petersianthus quadrialatus,0,1,TEST_ONLY
Shorea contorta,0,1,TEST_ONLY
Heritiera littoralis,0,1,TEST_ONLY
Diospyros discolor,0,1,TEST_ONLY
Shorea palosapis,0,1,TEST_ONLY
Shorea polysperma,0,1,TEST_ONLY
Afzelia rhomboidea,0,1,TEST_ONLY
Horsfieldia megacarpa,0,1,TEST_ONLY
Shorea astylosa,0,1,TEST_ONLY
Xylopia ferruginea,0,1,TEST_ONLY
Garuga floribunda,0,1,TEST_ONLY
Parkia timoriana,0,1,TEST_ONLY
Terminalia foetidissima,0,1,TEST_ONLY
Ficus altissima,0,1,TEST_ONLY
Ficus glaberrima,0,1,TEST_ONLY
Ficus heteropleura,0,1,TEST_ONLY
Ficus hispida,0,1,TEST_ONLY
Ficus racemosa,0,1,TEST_ONLY
Glochidion kerrii,0,1,TEST_ONLY
Aglaia lawii,0,1,TEST_ONLY
Horsfieldia amygdalina,0,1,TEST_ONLY
Lithocarpus fenestratus,0,1,TEST_ONLY
Machilus gamblei,0,1,TEST_ONLY
Magnolia garrettii,0,1,TEST_ONLY
Michelia baillonii,0,1,TEST_ONLY
Nyssa javanica,0,1,TEST_ONLY
Phoebe cathia,0,1,TEST_ONLY
Balakata baccata,0,1,TEST_ONLY
Toxicodendron rhetsoides,0,1,TEST_ONLY
Callicarpa arborea,0,1,TEST_ONLY
Neocinnamomum caudatum,0,1,TEST_ONLY
Diospyros glandulosa,0,1,TEST_ONLY
Garcinia gummi-gutta,0,1,TEST_ONLY
Dipterocarpus indicus,0,1,TEST_ONLY
Terminalia paniculata,0,1,TEST_ONLY
Dalbergia latifolia,0,1,TEST_ONLY
Drypetes venusta,0,1,TEST_ONLY
Swietenia mahogani,0,1,TEST_ONLY
Lagerstroemia speciosa,0,1,TEST_ONLY
Pterocarpus marsupium,0,1,TEST_ONLY
Calophyllum apetalum,0,1,TEST_ONLY
Hopea parviflora,0,1,TEST_ONLY
Lophopetalum wightianum,0,1,TEST_ONLY
Artocarpus hirsutus,0,1,TEST_ONLY
Erythrophleum fordii,0,1,TEST_ONLY
Ilex rotunda,0,1,TEST_ONLY
