project_species_resolved,seen_in_catboost_training
Acacia auriculiformis,True
Acacia crassicarpa,True
Acacia mangium,True
Acer davidii,True
Acer oliverianum,True
Acrocarpus fraxinifolius,True
Actinodaphne obovata,True
Actinodaphne sp,True
Adenanthera pavonina,True
Afzelia xylocarpa,True
Agathis borneensis,True
Agathis dammara,True
Aglaia exstipulata,True
Aglaia rubiginosa,True
Allophylus cobbe,True
Alnus nepalensis,True
Alseodaphne andersonii,True
Alseodaphne coriacea,True
Alstonia angustiloba,True
Alstonia pneumatophora,True
Alstonia scholaris,True
Alstonia spatulata,True
Altingia excelsa,True
Angelesia splendens,True
Anisoptera costata,True
Anisoptera marginata,True
Antidesma montanum,True
Aporosa sp,True
Aquilaria malaccensis,True
Aquilaria microcarpa,True
Aqularia sinensis,True
Araucaria hunsteinii,True
Archidendron bubalinum,True
Archidendron ellipticum,True
Archidendron jiringa,True
Areca catechu,True
Artocarpus altilis,True
Artocarpus elasticus,True
Artocarpus heterophyllus,True
Artocarpus hispidus,True
Artocarpus integer,True
Artocarpus odoratissimus,True
Artocarpus sp,True
Atalantia racemosa,True
Azadirachta excelsa,True
Baccaurea angulata,True
Baccaurea bracteata,True
Baccaurea motleyana,True
Baccaurea sp,True
Beilschmiedia sp,True
Betula alnoides,True
Bhesa indica,True
Bhesa paniculata,True
Bischofia javanica,True
Calophyllum austroindicum,True
Calophyllum blancoi,True
Calophyllum ferrugineum,True
Calophyllum inophyllum,True
Calophyllum sclerophyllum,True
Calophyllum soulattri,True
Calophyllum wallichiana,True
Campnosperma coriaceum,True
Campnosperma squamatum,True
Cananga odorata,True
Canarium sp,True
Careya arborea,True
Castanea henryi,True
Castanopsis acuminatissima,True
Castanopsis argentea,True
Castanopsis carlesii,True
Castanopsis diversifolia,True
Castanopsis eyrei,True
Castanopsis fissa,True
Castanopsis hystrix,True
Castanopsis indica,True
Castanopsis purpurella,True
Castanopsis sclerophylla,True
Castanopsis tribuloides,True
Casuarina equisetifolia,True
Ceiba pentandra,True
Celtis cerasifera,True
Choerospondias axillaris,True
Cinnamomum burmannii,True
Cinnamomum camphora,True
Cinnamomum rhychophyllum,True
Cinnamomum verum,True
Cleistanthus oblongifolius,True
Clerodendrum viscosum,True
Coffea liberica,True
Combretocarpus rotundatus,True
Corymbia intermedia,True
Corymbia torelliana,True
Cotylelobium burckii,True
Cotylelobium lanceolatum,True
Crataegus scabrifolia,True
Cratoxylum arborescens,True
Cratoxylum glaucum,True
Cullenia exarillata,True
Cunninghamia lanceolata,True
Dacrycarpus imbricatus,True
Dacryodes incurvata,True
Dacryodes rostrata,True
Dalbergia bariensis,True
Dalbergia cochinchinensis,True
Dalbergia ovata,True
Daphniphyllum pentandrum,True
Debregeasia longifolia,True
Dialium indum,True
Dialium platysepalum,True
Dillenia excelsa,True
Dillenia eximia,True
Dillenia sp,True
Dimocarpus longan,True
Diospyros evena,True
Diospyros japonica,True
Diospyros kaki,True
Diospyros malam,True
Diospyros pseudomalabarica,True
Diospyros siamang,True
Diospyros sp,True
Dipterocarpus applanatus,True
Dipterocarpus baudii,True
Dipterocarpus caudiferus,True
Dipterocarpus conformis,True
Dipterocarpus cornutus,True
Dipterocarpus costatus,True
Dipterocarpus dyeri,True
Dipterocarpus gracilis,True
Dipterocarpus kunstleri,True
Dipterocarpus oblongifolius,True
Dipterocarpus scaber,True
Dipterocarpus sp,True
Dipterocarpus turbinatus,True
Dipterocarpus zeylanicus,True
Dryobalanops beccarii,True
Dryobalanops keithii,True
Dryobalanops lanceolata,True
Dryobalanops oblongifolia,True
Dryobalanops sumatrensis,True
Duabanga moluccana,True
Durio carinatus,True
Durio griffithii,True
Durio sp,True
Durio zibethinus,True
Dyera costulata,True
Dyera polyphylla,True
Elaeocarpus floribundus,True
Elaeocarpus lanceifolius,True
Elaeocarpus obtusus,True
Elaeocarpus serratus,True
Elaeocarpus sylvestris,True
Elaeocarpus tuberculatus,True
Endospermum diadenum,True
Endospermum duodenum,True
Engelhardia spicata,True
Erythrina subumbrans,True
Etlingera polyantha,True
Eucalpytus camaldulensis,True
Eucalyptus alba,True
Eucalyptus deglupta,True
Eucalyptus grandis,True
Eucalyptus pellita,True
Eucalyptus pilularis,True
Eucalyptus tereticornis,True
Eucalyptus urophylla,True
Eugenia sp,True
Euonymus angulatus,True
Eusideroxylon zwageri,True
Fagraea crenulata,True
Fagraea fragrans,True
Falcataria moluccana,True
Ficus beddomei,True
Ficus benjamina,True
Ficus fistulosa,True
Ficus nervosa,True
Ficus subulata,True
Ficus superba,True
Ficus variegata,True
Filicium decipiens,True
Garcinia bancana,True
Garcinia hombroniana,True
Garcinia oblongifolia,True
Glochidion rubrum,True
Gmelina arborea,True
Gonystylus affinis,True
Gonystylus bancanus,True
Gymnacranthera farquhariana,True
Helicia nilagirica,True
Heritiera javanica,True
Heritiera simplicifolia,True
Heynea trijuga,True
Hibiscus tiliaceus,True
Holigarna nigra,True
Homalium caryophyllaceum,True
Hopea beccariana,True
Hopea ferrea,True
Hopea ferruginea,True
Hopea kerangasensis,True
Hopea mengarawan,True
Hopea nervosa,True
Hopea odorata,True
Hopea pubescens,True
Hopea sangal,True
Horsfeldia irya,True
Horsfieldia crassifolia,True
Hovenia dulcis,True
Ilex polyneura,True
Intsia palembanica,True
Irvingia malayana,True
Ixora grandifolia,True
Khaya ivorensis,True
Koelreuteria bipinnata,True
Kokoona ochracea,True
Koompassia excelsa,True
Koompassia malaccensis,True
Lauraceae sp,True
Ligustrum lucidum,True
Lindera communis,True
Lindera megaphylla,True
Lindera thomsonii,True
Liquidambar formosana,True
Lithocarpus bennettii,True
Lithocarpus dasystachyus,True
Lithocarpus glaber,True
Lithocarpus hancei,True
Litsea costata,True
Litsea cubeba,True
Litsea insignis,True
Litsea mollis,True
Litsea oleoides,True
Litsea pierrei,True
Litsea sp,True
Litsea stocksii,True
Lophopetalum rigidum,True
Macaranga gigantea,True
Macaranga indica,True
Macaranga motleyana,True
Macaranga pearsonii,True
Macaranga pruinosa,True
Macaranga sp,True
Machilus chinensis,True
Machilus rufipes,True
Machilus yunnanensis,True
Madhuca motleyana,True
Maesa indica,True
Magnolia cathcartii,True
Magnolia odora,True
Magnolia sumatrana,True
Mallotus paniculatus,True
Mangifera griffithii,True
Mangifera indica,True
Mangifera pajang,True
Mangifera sp,True
Manglietia hookeri,True
Manglietia longipedunculata,True
Melaleuca cajuputi,True
Melia azedarach,True
Mesua ferrea,True
Metroxylon sagu,True
Michelia champaca,True
Michelia chapensis,True
Michelia doltsopa,True
Michelia macclurei,True
Michelia maudiae,True
Myrica esculenta,True
Myristica dactyloides,True
Myrsine semiserrata,True
Nageia wallichiana,True
Neesia malayana,True
Neobalanocarpus heimii,True
Neonauclea longipedunculata,True
Nephelium lappaceum,True
Nephelium maingayi,True
Nothopegia castaneifolia,True
Nyssa sinensis,True
Octomeles sumatrana,True
Olea dioica,True
Ormosia travancorica,True
Ostodes paniculata,True
Palaquium ellipticum,True
Palaquium gutta,True
Palaquium leiocarpum,True
Palaquium sp,True
Parashorea densiflora,True
Parashorea macrophylla,True
Parashorea malaanonan,True
Parashorea smythiesii,True
Parashorea stellata,True
Parashorea tomentella,True
Parkia speciosa,True
Pentace adenophora,True
Pentace laxiflora,True
Pentaspadon motleyi,True
Pericopsis mooniana,True
Peronema canescens,True
Persea americana,True
Persea macrantha,True
Persea membranacea,True
Phyllanthus emblica,True
Pinus thunbergii,True
Planchonella malaccensis,True
Podocarpus polystachyus,True
Polyalthia glauca,True
Polyalthia lateriflora,True
Polyspora longicarpa,True
Prunus campanulata,True
Prunus cerasoides,True
Prunus ceylanica,True
Prunus serrulata,True
Prunus wilsonii,True
Psychotria asiatica,True
Pterocarpus dalbergioides,True
Pterocarpus macrocarpus,True
Quercus acutissima,True
Quercus fabrei,True
Quercus glauca,True
Quercus gomeziana,True
Quercus lamellosa,True
Quercus myrsinifolia,True
Rhus chinensis,True
Sandoricum beccarianum,True
Sapindus mukorossi,True
Sapindus rarak,True
Saraca declinata,True
Scaphium macropodum,True
Schefflera heptaphylla,True
Schima superba,True
Schima wallichii,True
Schleichera oleosa,True
Semecarpus travancorica,True
Shorea acuminata,True
Shorea acuminatissima,True
Shorea agamii,True
Shorea argentifolia,True
Shorea assamica,True
Shorea balangeran,True
Shorea beccariana,True
Shorea blumutensis,True
Shorea curtisii,True
Shorea dasyphylla,True
Shorea disticha,True
Shorea faguetiana,True
Shorea faguetioides,True
Shorea falciferoides,True
Shorea fallax,True
Shorea gibbosa,True
Shorea glauca,True
Shorea gratissima,True
Shorea guiso,True
Shorea henryana,True
Shorea hopeifolia,True
Shorea javanica,True
Shorea johorensis,True
Shorea laevis,True
Shorea lamellata,True
Shorea leprosula,True
Shorea leptoderma,True
Shorea macrophylla,True
Shorea macroptera,True
Shorea materialis,True
Shorea mecistopteryx,True
Shorea megistophylla,True
Shorea multiflora,True
Shorea ovalis,True
Shorea ovata,True
Shorea palembanica,True
Shorea parvifolia,True
Shorea parvistipulata,True
Shorea pauciflora,True
Shorea pinanga,True
Shorea platycarpa,True
Shorea platyclados,True
Shorea polyandra,True
Shorea roxburghii,True
Shorea scaberrima,True
Shorea selanica,True
Shorea seminis,True
Shorea singkawang,True
Shorea smithiana,True
Shorea stenoptera,True
Shorea thorelii,True
Shorea trapezifolia,True
Shorea uliginosa,True
Shorea virenscens,True
Shorea virescens,True
Shorea xanthophylla,True
Sindora beccariana,True
Sindora coriacea,True
Sindora leiocarpa,True
Sindora siamensis,True
Sindora sp,True
Sloanea sigun,True
Sorbus corymbifera,True
Stemonurus scorpioides,True
Stemonurus secundiflorus,True
Sterculia gilva,True
Sterculia guttata,True
Sterculia oblongata,True
Streblus elongatus,True
Swietenia macrophylla,True
Symplocos cochinchinensis,True
Symplocos paniculata,True
Syzgium munronii,True
Syzygium gardneri,True
Syzygium grande,True
Syzygium hainanense,True
Syzygium hancei,True
Syzygium kunstleri,True
Syzygium leptostemon,True
Syzygium lineatum,True
Syzygium nervosum,True
Syzygium oblatum,True
Syzygium pycnanthum,True
Syzygium racemosum,True
Syzygium scortechinii,True
Syzygium sp,True
Syzygium spathulatum,True
Tectona grandis,True
Terminalia bellirica,True
Terminalia subspathulata,True
Ternstroemia magnifica,True
Tetradium glabrifolium,True
Tetradium ruticarpum,True
Tetramerista glabra,True
Trema cannabina,True
Triadica cochinchinensis,True
Triadica sebifera,True
Turpinia cochinchinensis,True
Vateria indica,True
Vatica cinerea,True
Vatica pauciflora,True
Vatica sp,True
Vepris bilocularis,True
Vitex pinnata,True
Walsura pinnata,True
Whiteodendron moultonianum,True
Xanthophyllum ellipticum,True
Xerospermum noronhianum,True
Xylia xylocarpa,True
Xylopia fusca,True
