project_species_resolved,genus,species,family,w_meanWD
Acacia auriculiformis,Acacia,auriculiformis,Fabaceae,0.68
Acacia crassicarpa,Acacia,crassicarpa,Fabaceae,0.5965
Acacia mangium,Acacia,mangium,Fabaceae,0.507
Acer davidii,Acer,davidii,Sapindaceae,0.458
Acer oliverianum,Acer,oliverianum,Sapindaceae,0.517526
Acrocarpus fraxinifolius,Acrocarpus,fraxinifolius,Fabaceae,0.5915
Actinodaphne obovata,Actinodaphne,obovata,Lauraceae,0.51
Actinodaphne sp,Actinodaphne,sp,Lauraceae,0.51
Adenanthera pavonina,Adenanthera,pavonina,Fabaceae,0.687
Afzelia rhomboidea,Afzelia,rhomboidea,Fabaceae,0.59
Afzelia xylocarpa,Afzelia,xylocarpa,Fabaceae,0.669883983
Agathis borneensis,Agathis,borneensis,Araucariaceae,0.383333333
Agathis dammara,Agathis,dammara,Araucariaceae,0.4515
Aglaia exstipulata,Aglaia,exstipulata,Meliaceae,0.8
Aglaia lawii,Aglaia,lawii,Meliaceae,0.595
Aglaia rubiginosa,Aglaia,rubiginosa,Meliaceae,0.76
Alangium kurzii,Alangium,kurzii,Cornaceae,0.42
Allophylus cobbe,Allophylus,cobbe,Sapindaceae,0.385
Alnus nepalensis,Alnus,nepalensis,Betulaceae,0.409666667
Alseodaphne andersonii,Alseodaphne,andersonii,Lauraceae,0.5631
Alseodaphne coriacea,Alseodaphne,coriacea,Lauraceae,0.5631
Alstonia angustiloba,Alstonia,angustiloba,Apocynaceae,0.346666667
Alstonia pneumatophora,Alstonia,pneumatophora,Apocynaceae,0.295
Alstonia scholaris,Alstonia,scholaris,Apocynaceae,0.382
Alstonia spatulata,Alstonia,spatulata,Apocynaceae,0.34
Altingia excelsa,Altingia,excelsa,Altingiaceae,0.6525
Angelesia splendens,Angelesia,splendens,Chrysobalanaceae,0.805709207
Anisoptera costata,Anisoptera,costata,Dipterocarpaceae,0.553333333
Anisoptera marginata,Anisoptera,marginata,Dipterocarpaceae,0.526666667
Antidesma bunius,Antidesma,bunius,Phyllanthaceae,0.629333333
Antidesma montanum,Antidesma,montanum,Phyllanthaceae,0.59
Aporosa sp,Aporosa,sp,Phyllanthaceae,0.37
Aquilaria malaccensis,Aquilaria,malaccensis,Thymelaeaceae,0.32
Aquilaria microcarpa,Aquilaria,microcarpa,Thymelaeaceae,0.337666667
Aquilaria sinensis,Aquilaria,sinensis,Thymelaeaceae,0.529428571
Araucaria hunsteinii,Araucaria,hunsteinii,Araucariaceae,0.387
Archidendron bubalinum,Archidendron,bubalinum,Fabaceae,0.38
Archidendron ellipticum,Archidendron,ellipticum,Fabaceae,0.45
Archidendron jiringa,Archidendron,jiringa,Fabaceae,0.317
Areca catechu,Areca,catechu,Arecaceae,0.551760417
Artocarpus altilis,Artocarpus,altilis,Moraceae,0.4325
Artocarpus blancoi,Artocarpus,blancoi,Moraceae,0.486363636
Artocarpus elasticus,Artocarpus,elasticus,Moraceae,0.363333333
Artocarpus heterophyllus,Artocarpus,heterophyllus,Moraceae,0.491666667
Artocarpus hirsutus,Artocarpus,hirsutus,Moraceae,0.47
Artocarpus hispidus,Artocarpus,hispidus,Moraceae,0.486363636
Artocarpus integer,Artocarpus,integer,Moraceae,0.551
Artocarpus lakoocha,Artocarpus,lakoocha,Moraceae,0.64
Artocarpus odoratissimus,Artocarpus,odoratissimus,Moraceae,0.55
Artocarpus sp,Artocarpus,sp,Moraceae,0.461
Atalantia racemosa,Atalantia,racemosa,Rutaceae,0.710658457
Azadirachta excelsa,Azadirachta,excelsa,Meliaceae,0.505
Baccaurea angulata,Baccaurea,angulata,Phyllanthaceae,0.625769231
Baccaurea bracteata,Baccaurea,bracteata,Phyllanthaceae,0.635
Baccaurea motleyana,Baccaurea,motleyana,Phyllanthaceae,0.51
Baccaurea sp,Baccaurea,sp,Phyllanthaceae,0.625769231
Balakata baccata,Balakata,baccata,Euphorbiaceae,0.544977248
Balakata luzonica,Balakata,luzonica,Euphorbiaceae,0.544977248
Bauhinia variegata,Bauhinia,variegata,Fabaceae,0.653
Beilschmiedia sp,Beilschmiedia,sp,Lauraceae,0.606285714
Betula alnoides,Betula,alnoides,Betulaceae,0.5515
Bhesa indica,Bhesa,indica,Centroplacaceae,0.655
Bhesa paniculata,Bhesa,paniculata,Centroplacaceae,0.655
Bischofia javanica,Bischofia,javanica,Phyllanthaceae,0.6017
Callicarpa arborea,Callicarpa,arborea,Lamiaceae,0.35
Calophyllum apetalum,Calophyllum,apetalum,Calophyllaceae,0.669211656
Calophyllum austroindicum,Calophyllum,austroindicum,Calophyllaceae,0.669211656
Calophyllum biflorum,Calophyllum,biflorum,Calophyllaceae,0.669211656
Calophyllum blancoi,Calophyllum,blancoi,Calophyllaceae,0.669211656
Calophyllum ferrugineum,Calophyllum,ferrugineum,Calophyllaceae,0.669211656
Calophyllum inophyllum,Calophyllum,inophyllum,Calophyllaceae,0.5846
Calophyllum lowei,Calophyllum,lowei,Calophyllaceae,0.669211656
Calophyllum sclerophyllum,Calophyllum,sclerophyllum,Calophyllaceae,0.669211656
Calophyllum soulattri,Calophyllum,soulattri,Calophyllaceae,0.669211656
Calophyllum wallichiana,Calophyllum,wallichiana,Calophyllaceae,0.669211656
Campnosperma coriaceum,Campnosperma,coriaceum,Anacardiaceae,0.3775
Campnosperma squamatum,Campnosperma,squamatum,Anacardiaceae,0.39
Cananga odorata,Cananga,odorata,Annonaceae,0.3272
Canarium sp,Canarium,sp,Burseraceae,0.517
Careya arborea,Careya,arborea,Lecythidaceae,0.731333333
Caryota urens,Caryota,urens,Arecaceae,0.551760417
Castanea chinensis,Castanea,chinensis,Fagaceae,0.497716667
Castanea henryi,Castanea,henryi,Fagaceae,0.541
Castanopsis acuminatissima,Castanopsis,acuminatissima,Fagaceae,0.5835
Castanopsis argentea,Castanopsis,argentea,Fagaceae,0.59
Castanopsis carlesii,Castanopsis,carlesii,Fagaceae,0.44075
Castanopsis diversifolia,Castanopsis,diversifolia,Fagaceae,0.567974786
Castanopsis eyrei,Castanopsis,eyrei,Fagaceae,0.49425
Castanopsis fissa,Castanopsis,fissa,Fagaceae,0.4446
Castanopsis hystrix,Castanopsis,hystrix,Fagaceae,0.565
Castanopsis indica,Castanopsis,indica,Fagaceae,0.59575
Castanopsis purpurella,Castanopsis,purpurella,Fagaceae,0.567974786
Castanopsis sclerophylla,Castanopsis,sclerophylla,Fagaceae,0.459
Castanopsis tribuloides,Castanopsis,tribuloides,Fagaceae,0.595
Casuarina equisetifolia,Casuarina,equisetifolia,Casuarinaceae,0.80875
Ceiba pentandra,Ceiba,pentandra,Malvaceae,0.305212121
Celtis cerasifera,Celtis,cerasifera,Cannabaceae,0.566228571
Choerospondias axillaris,Choerospondias,axillaris,Anacardiaceae,0.487
Cinnamomum burmannii,Cinnamomum,burmannii,Lauraceae,0.49
Cinnamomum camphora,Cinnamomum,camphora,Lauraceae,0.4874
Cinnamomum rhynchophyllum,Cinnamomum,rhynchophyllum,Lauraceae,0.467139912
Cinnamomum verum,Cinnamomum,verum,Lauraceae,0.498
Cleistanthus oblongifolius,Cleistanthus,oblongifolius,Phyllanthaceae,0.6518
Clerodendrum viscosum,Clerodendrum,viscosum,Lamiaceae,0.5735
Coffea liberica,Coffea,liberica,Rubiaceae,0.633
Combretocarpus rotundatus,Combretocarpus,rotundatus,Anisophylleaceae,0.61
Corymbia intermedia,Corymbia,intermedia,Myrtaceae,0.844814394
Corymbia torelliana,Corymbia,torelliana,Myrtaceae,0.761
Cotylelobium burckii,Cotylelobium,burckii,Dipterocarpaceae,0.815
Cotylelobium lanceolatum,Cotylelobium,lanceolatum,Dipterocarpaceae,0.78
Crataegus scabrifolia,Crataegus,scabrifolia,Rosaceae,0.66
Cratoxylum arborescens,Cratoxylum,arborescens,Hypericaceae,0.433333333
Cratoxylum glaucum,Cratoxylum,glaucum,Hypericaceae,0.48
Cryptocarya chinensis,Cryptocarya,chinensis,Lauraceae,0.5
Cullenia exarillata,Cullenia,exarillata,Malvaceae,0.488731536
Cunninghamia lanceolata,Cunninghamia,lanceolata,Cupressaceae,0.315692308
Dacrycarpus imbricatus,Dacrycarpus,imbricatus,Podocarpaceae,0.413333333
Dacryodes incurvata,Dacryodes,incurvata,Burseraceae,0.59
Dacryodes rostrata,Dacryodes,rostrata,Burseraceae,0.55
Dalbergia bariensis,Dalbergia,bariensis,Fabaceae,0.786836977
Dalbergia cochinchinensis,Dalbergia,cochinchinensis,Fabaceae,0.88
Dalbergia latifolia,Dalbergia,latifolia,Fabaceae,0.75
Dalbergia ovata,Dalbergia,ovata,Fabaceae,0.675
Daphniphyllum pentandrum,Daphniphyllum,pentandrum,Daphniphyllaceae,0.5063
Debregeasia longifolia,Debregeasia,longifolia,Urticaceae,0.329392847
Dialium indum,Dialium,indum,Fabaceae,0.82
Dialium platysepalum,Dialium,platysepalum,Fabaceae,0.7725
Dillenia excelsa,Dillenia,excelsa,Dilleniaceae,0.68
Dillenia eximia,Dillenia,eximia,Dilleniaceae,0.68
Dillenia sp,Dillenia,sp,Dilleniaceae,0.616229167
Dimocarpus longan,Dimocarpus,longan,Sapindaceae,0.7
Diospyros areolata,Diospyros,areolata,Ebenaceae,0.6441375629999999
Diospyros discolor,Diospyros,discolor,Ebenaceae,0.683275126
Diospyros evena,Diospyros,evena,Ebenaceae,0.58
Diospyros glandulosa,Diospyros,glandulosa,Ebenaceae,0.683275126
Diospyros japonica,Diospyros,japonica,Ebenaceae,0.683275126
Diospyros kaki,Diospyros,kaki,Ebenaceae,0.630333333
Diospyros siamang,Diospyros,siamang,Ebenaceae,0.52
Diospyros sp,Diospyros,sp,Ebenaceae,0.7728
Dipterocarpus applanatus,Dipterocarpus,applanatus,Dipterocarpaceae,0.64
Dipterocarpus baudii,Dipterocarpus,baudii,Dipterocarpaceae,0.64
Dipterocarpus caudiferus,Dipterocarpus,caudiferus,Dipterocarpaceae,0.654277244
Dipterocarpus conformis,Dipterocarpus,conformis,Dipterocarpaceae,0.765
Dipterocarpus cornutus,Dipterocarpus,cornutus,Dipterocarpaceae,0.676666667
Dipterocarpus costatus,Dipterocarpus,costatus,Dipterocarpaceae,0.755
Dipterocarpus dyeri,Dipterocarpus,dyeri,Dipterocarpaceae,0.64
Dipterocarpus gracilis,Dipterocarpus,gracilis,Dipterocarpaceae,0.603333333
Dipterocarpus indicus,Dipterocarpus,indicus,Dipterocarpaceae,0.62
Dipterocarpus kunstleri,Dipterocarpus,kunstleri,Dipterocarpaceae,0.6
Dipterocarpus oblongifolius,Dipterocarpus,oblongifolius,Dipterocarpaceae,0.615
Dipterocarpus scaber,Dipterocarpus,scaber,Dipterocarpaceae,0.654277244
Dipterocarpus sp,Dipterocarpus,sp,Dipterocarpaceae,0.654277244
Dipterocarpus turbinatus,Dipterocarpus,turbinatus,Dipterocarpaceae,0.619
Dipterocarpus zeylanicus,Dipterocarpus,zeylanicus,Dipterocarpaceae,0.69
Dracontomelon dao,Dracontomelon,dao,Anacardiaceae,0.4
Dryobalanops beccarii,Dryobalanops,beccarii,Dipterocarpaceae,0.503333333
Dryobalanops keithii,Dryobalanops,keithii,Dipterocarpaceae,0.63
Dryobalanops lanceolata,Dryobalanops,lanceolata,Dipterocarpaceae,0.62
Dryobalanops oblongifolia,Dryobalanops,oblongifolia,Dipterocarpaceae,0.61
Dryobalanops sumatrensis,Dryobalanops,sumatrensis,Dipterocarpaceae,0.65
Drypetes venusta,Drypetes,venusta,Putranjivaceae,0.694512821
Duabanga moluccana,Duabanga,moluccana,Lythraceae,0.332333333
Durio carinatus,Durio,carinatus,Malvaceae,0.46
Durio griffithii,Durio,gri?thii,Malvaceae,0.543648148
Durio sp,Durio,sp,Malvaceae,0.543648148
Durio zibethinus,Durio,zibethinus,Malvaceae,0.516
Dyera costulata,Dyera,costulata,Apocynaceae,0.3375
Dyera polyphylla,Dyera,polyphylla,Apocynaceae,0.33
Elaeocarpus floribundus,Elaeocarpus,floribundus,Elaeocarpaceae,0.58
Elaeocarpus lanceifolius,Elaeocarpus,lanceifolius,Elaeocarpaceae,0.523
Elaeocarpus obtusus,Elaeocarpus,obtusus,Elaeocarpaceae,0.445
Elaeocarpus serratus,Elaeocarpus,serratus,Elaeocarpaceae,0.50323279
Elaeocarpus sylvestris,Elaeocarpus,sylvestris,Elaeocarpaceae,0.475
Elaeocarpus tuberculatus,Elaeocarpus,tuberculatus,Elaeocarpaceae,0.4
Endospermum diadenum,Endospermum,diadenum,Euphorbiaceae,0.366666667
Engelhardia spicata,Engelhardia,spicata,Juglandaceae,0.487918283
Erythrina stricta,Erythrina,stricta,Fabaceae,0.22
Erythrina subumbrans,Erythrina,subumbrans,Fabaceae,0.23
Erythrophleum fordii,Erythrophleum,fordii,Fabaceae,0.76
Etlingera polyantha,Etlingera,polyantha,Zingiberaceae,0.564741226
Eucalyptus alba,Eucalyptus,alba,Myrtaceae,0.850166667
Eucalyptus camaldulensis,Eucalyptus,camaldulensis,Myrtaceae,0.765578146
Eucalyptus deglupta,Eucalyptus,deglupta,Myrtaceae,0.4485
Eucalyptus grandis,Eucalyptus,grandis,Myrtaceae,0.662
Eucalyptus pellita,Eucalyptus,pellita,Myrtaceae,0.733666667
Eucalyptus pilularis,Eucalyptus,pilularis,Myrtaceae,0.755
Eucalyptus tereticornis,Eucalyptus,tereticornis,Myrtaceae,0.827
Eucalyptus urophylla,Eucalyptus,urophylla,Myrtaceae,0.48
Eugenia sp,Eugenia,sp,Myrtaceae,0.683
Euonymus angulatus,Euonymus,angulatus,Celastraceae,0.5665
Eusideroxylon zwageri,Eusideroxylon,zwageri,Lauraceae,0.786666667
Fagraea crenulata,Fagraea,crenulata,Gentianaceae,0.47
Fagraea fragrans,Fagraea,fragrans,Gentianaceae,0.688
Falcataria moluccana,Falcataria,moluccana,Fabaceae,0.702416609
Ficus altissima,Ficus,altissima,Moraceae,0.473
Ficus beddomei,Ficus,beddomei,Moraceae,0.405534662
Ficus benjamina,Ficus,benjamina,Moraceae,0.459333333
Ficus fistulosa,Ficus,fistulosa,Moraceae,0.38
Ficus glaberrima,Ficus,glaberrima,Moraceae,0.405534662
Ficus heteropleura,Ficus,heteropleura,Moraceae,0.405534662
Ficus hispida,Ficus,hispida,Moraceae,0.3815
Ficus nervosa,Ficus,nervosa,Moraceae,0.28
Ficus racemosa,Ficus,racemosa,Moraceae,0.3626
Ficus subulata,Ficus,subulata,Moraceae,0.405534662
Ficus superba,Ficus,superba,Moraceae,0.405534662
Ficus variegata,Ficus,variegata,Moraceae,0.327
Filicium decipiens,Filicium,decipiens,Sapindaceae,0.96
Garcinia bancana,Garcinia,bancana,Clusiaceae,0.741621569
Garcinia gummi-gutta,Garcinia,gummi-gutta,Clusiaceae,0.741621569
Garcinia hombroniana,Garcinia,hombroniana,Clusiaceae,0.68
Garcinia oblongifolia,Garcinia,oblongifolia,Clusiaceae,0.6268
Garuga floribunda,Garuga,floribunda,Burseraceae,0.547
Glochidion kerrii,Glochidion,kerrii,Phyllanthaceae,0.557558824
Glochidion rubrum,Glochidion,rubrum,Phyllanthaceae,0.64
Glochidion sphaerogynum,Glochidion,sphaerogynum,Phyllanthaceae,0.557558824
Gmelina arborea,Gmelina,arborea,Lamiaceae,0.42975
Gonystylus affinis,Gonystylus,affinis,Thymelaeaceae,0.616666667
Gonystylus bancanus,Gonystylus,bancanus,Thymelaeaceae,0.52
Gymnacranthera farquhariana,Gymnacranthera,farquhariana,Myristicaceae,0.58
Helicia nilagirica,Helicia,nilagirica,Proteaceae,0.641
Heritiera javanica,Heritiera,javanica,Malvaceae,0.62
Heritiera littoralis,Heritiera,littoralis,Malvaceae,0.848
Heritiera simplicifolia,Heritiera,simplicifolia,Malvaceae,0.673333333
Heynea trijuga,Heynea,trijuga,Meliaceae,0.594346098
Hibiscus tiliaceus,Hibiscus,tiliaceus,Malvaceae,0.45
Holigarna nigra,Holigarna,nigra,Anacardiaceae,0.327
Holoptelea integrifolia,Holoptelea,integrifolia,Ulmaceae,0.564741226
Homalium caryophyllaceum,Homalium,caryophyllaceum,Salicaceae,0.75
Hopea beccariana,Hopea,beccariana,Dipterocarpaceae,0.653333333
Hopea ferrea,Hopea,ferrea,Dipterocarpaceae,0.89
Hopea ferruginea,Hopea,ferruginea,Dipterocarpaceae,0.58
Hopea kerangasensis,Hopea,kerangasensis,Dipterocarpaceae,0.714693989
Hopea mengarawan,Hopea,mengarawan,Dipterocarpaceae,0.56
Hopea nervosa,Hopea,nervosa,Dipterocarpaceae,0.613333333
Hopea odorata,Hopea,odorata,Dipterocarpaceae,0.635
Hopea parviflora,Hopea,parviflora,Dipterocarpaceae,0.79
Hopea pubescens,Hopea,pubescens,Dipterocarpaceae,0.5
Hopea sangal,Hopea,sangal,Dipterocarpaceae,0.714693989
Horsfieldia amygdalina,Horsfieldia,amygdalina,Myristicaceae,0.46
Horsfieldia crassifolia,Horsfieldia,crassifolia,Myristicaceae,0.441512037
Horsfieldia irya,Horsfieldia,irya,Myristicaceae,0.441512037
Horsfieldia megacarpa,Horsfieldia,megacarpa,Myristicaceae,0.441512037
Hovenia dulcis,Hovenia,dulcis,Rhamnaceae,0.543
Ilex polyneura,Ilex,polyneura,Aquifoliaceae,0.5627
Ilex rotunda,Ilex,rotunda,Aquifoliaceae,0.5627
Intsia palembanica,Intsia,palembanica,Fabaceae,0.658666667
Irvingia malayana,Irvingia,malayana,Irvingiaceae,0.883333333
Ixora grandifolia,Ixora,grandifolia,Rubiaceae,0.69
Khaya ivorensis,Khaya,ivorensis,Meliaceae,0.441933333
Koelreuteria bipinnata,Koelreuteria,bipinnata,Sapindaceae,0.57
Kokoona ochracea,Kokoona,ochracea,Celastraceae,0.639267989
Koompassia excelsa,Koompassia,excelsa,Fabaceae,0.685
Koompassia malaccensis,Koompassia,malaccensis,Fabaceae,0.76
Lagerstroemia speciosa,Lagerstroemia,speciosa,Lythraceae,0.595
Lauraceae sp,Lauraceae,sp,Lauraceae,0.56441757
Ligustrum lucidum,Ligustrum,lucidum,Oleaceae,0.579333333
Lindera communis,Lindera,communis,Lauraceae,0.45195
Lindera megaphylla,Lindera,megaphylla,Lauraceae,0.45195
Lindera thomsonii,Lindera,thomsonii,Lauraceae,0.45195
Liquidambar formosana,Liquidambar,formosana,Altingiaceae,0.488833333
Lithocarpus bennettii,Lithocarpus,bennettii,Fagaceae,0.71
Lithocarpus dasystachyus,Lithocarpus,dasystachyus,Fagaceae,0.673393116
Lithocarpus fenestratus,Lithocarpus,fenestratus,Fagaceae,0.673393116
Lithocarpus glaber,Lithocarpus,glaber,Fagaceae,0.55075
Lithocarpus hancei,Lithocarpus,hancei,Fagaceae,0.673393116
Litsea costata,Litsea,costata,Lauraceae,0.425466667
Litsea cubeba,Litsea,cubeba,Lauraceae,0.31
Litsea glutinosa,Litsea,glutinosa,Lauraceae,0.5015
Litsea insignis,Litsea,insignis,Lauraceae,0.425466667
Litsea mollis,Litsea,mollis,Lauraceae,0.425466667
Litsea oleoides,Litsea,oleoides,Lauraceae,0.425466667
Litsea pierrei,Litsea,pierrei,Lauraceae,0.425466667
Litsea sp,Litsea,sp,Lauraceae,0.478
Litsea stocksii,Litsea,stocksii,Lauraceae,0.425466667
Lophopetalum rigidum,Lophopetalum,cf.,Celastraceae,0.524428571
Lophopetalum wightianum,Lophopetalum,wightianum,Celastraceae,0.37
Macaranga denticulata,Macaranga,denticulata,Euphorbiaceae,0.4335
Macaranga gigantea,Macaranga,gigantea,Euphorbiaceae,0.295
Macaranga indica,Macaranga,indica,Euphorbiaceae,0.382929167
Macaranga motleyana,Macaranga,motleyana,Euphorbiaceae,0.382929167
Macaranga pearsonii,Macaranga,pearsonii,Euphorbiaceae,0.382929167
Macaranga pruinosa,Macaranga,pruinosa,Euphorbiaceae,0.31
Macaranga sp,Macaranga,sp,Euphorbiaceae,0.31
Machilus chinensis,Machilus,chinensis,Lauraceae,0.56441757
Machilus gamblei,Machilus,gamblei,Lauraceae,0.56441757
Machilus rufipes,Machilus,rufipes,Lauraceae,0.56441757
Machilus yunnanensis,Machilus,yunnanensis,Lauraceae,0.56441757
Madhuca motleyana,Madhuca,motleyana,Sapotaceae,0.46
Maesa indica,Maesa,indica,Primulaceae,0.676
Magnolia cathcartii,Magnolia,cathcartii,Magnoliaceae,0.504583333
Magnolia garrettii,Magnolia,garrettii,Magnoliaceae,0.504583333
Magnolia odora,Magnolia,odora,Magnoliaceae,0.504583333
Magnolia sumatrana,Magnolia,sumatrana,Magnoliaceae,0.504583333
Mallotus paniculatus,Mallotus,paniculatus,Euphorbiaceae,0.345
Mangifera griffithii,Mangifera,griffithii,Anacardiaceae,0.47
Mangifera indica,Mangifera,indica,Anacardiaceae,0.5525
Mangifera pajang,Mangifera,pajang,Anacardiaceae,0.49
Mangifera sp,Mangifera,sp,Anacardiaceae,0.500529412
Manglietia hookeri,Manglietia,hookeri,Magnoliaceae,0.412375
Manglietia longipedunculata,Manglietia,longipedunculata,Magnoliaceae,0.412375
Markhamia stipulata,Markhamia,stipulata,Bignoniaceae,0.6755
Melaleuca cajuputi,Melaleuca,cajuputi,Myrtaceae,0.756647186
Melia azedarach,Melia,azedarach,Meliaceae,0.437777778
Mesua ferrea,Mesua,ferrea,Calophyllaceae,0.92
Metroxylon sagu,Metroxylon,sagu,Arecaceae,0.551760417
Michelia baillonii,Michelia,baillonii,Magnoliaceae,0.544666667
Michelia champaca,Michelia,champaca,Magnoliaceae,0.5275
Michelia chapensis,Michelia,chapensis,Magnoliaceae,0.488018519
Michelia doltsopa,Michelia,doltsopa,Magnoliaceae,0.488018519
Michelia macclurei,Michelia,macclurei,Magnoliaceae,0.5435
Michelia maudiae,Michelia,maudiae,Magnoliaceae,0.488018519
Myrica esculenta,Myrica,esculenta,Myricaceae,0.6
Myristica dactyloides,Myristica,dactyloides,Myristicaceae,0.565580531
Myrsine semiserrata,Myrsine,semiserrata,Primulaceae,0.703
Nageia wallichiana,Nageia,wallichiana,Podocarpaceae,0.521333333
Neesia malayana,Neesia,malayana,Malvaceae,0.46
Neobalanocarpus heimii,Neobalanocarpus,heimii,Dipterocarpaceae,0.76
Neocinnamomum caudatum,Neocinnamomum,caudatum,Lauraceae,0.56441757
Neolamarckia cadamba,Neolamarckia,cadamba,Rubiaceae,0.637445335
Neonauclea longipedunculata,Neonauclea,longipedunculata,Rubiaceae,0.650794118
Nephelium lappaceum,Nephelium,lappaceum,Sapindaceae,0.7102
Nephelium maingayi,Nephelium,maingayi,Sapindaceae,0.7782
Nothopegia castaneifolia,Nothopegia,castaneifolia,Anacardiaceae,0.566013283
Nyssa javanica,Nyssa,javanica,Nyssaceae,0.48
Nyssa sinensis,Nyssa,sinensis,Nyssaceae,0.604
Octomeles sumatrana,Octomeles,sumatrana,Tetramelaceae,0.301
Olea dioica,Olea,dioica,Oleaceae,0.743066138
Ormosia travancorica,Ormosia,travancorica,Fabaceae,0.579127778
Ostodes paniculata,Ostodes,paniculata,Euphorbiaceae,0.339
Palaquium burckii,Palaquium,burckii,Sapotaceae,0.558016667
Palaquium ellipticum,Palaquium,ellipticum,Sapotaceae,0.53
Palaquium gutta,Palaquium,gutta,Sapotaceae,0.615
Palaquium leiocarpum,Palaquium,leiocarpum,Sapotaceae,0.71
Palaquium pinnatinervium,Palaquium,pinnatinervium,Sapotaceae,0.558016667
Palaquium sp,Palaquium,sp,Sapotaceae,0.443
Palaquium sumatranum,Palaquium,sumatranum,Sapotaceae,0.52
Pangium edule,Pangium,edule,Achariaceae,0.502666667
Parashorea densiflora,Parashorea,densiflora,Dipterocarpaceae,0.67
Parashorea macrophylla,Parashorea,macrophylla,Dipterocarpaceae,0.53
Parashorea malaanonan,Parashorea,malaanonan,Dipterocarpaceae,0.415
Parashorea smythiesii,Parashorea,smythiesii,Dipterocarpaceae,0.6
Parashorea sp,Parashorea,sp,Dipterocarpaceae,0.5535
Parashorea stellata,Parashorea,stellata,Dipterocarpaceae,0.63
Parashorea tomentella,Parashorea,tomentella,Dipterocarpaceae,0.5535
Parkia speciosa,Parkia,speciosa,Fabaceae,0.395
Parkia timoriana,Parkia,timoriana,Fabaceae,0.36
Pentace adenophora,Pentace,adenophora,Malvaceae,0.604833333
Pentace laxiflora,Pentace,laxiflora,Malvaceae,0.604833333
Pentaspadon motleyi,Pentaspadon,motleyi,Anacardiaceae,0.5
Pericopsis mooniana,Pericopsis,mooniana,Fabaceae,0.6985
Peronema canescens,Peronema,canescens,Lamiaceae,0.57
Persea americana,Persea,americana,Lauraceae,0.548666667
Persea macrantha,Persea,macrantha,Lauraceae,0.44
Persea membranacea,Persea,membranacea,Lauraceae,0.514030303
Petersianthus quadrialatus,Petersianthus,quadrialatus,Lecythidaceae,0.54
Phoebe cathia,Phoebe,cathia,Lauraceae,0.538217949
Phyllanthus emblica,Phyllanthus,emblica,Phyllanthaceae,0.636
Pinus thunbergii,Pinus,thunbergii,Pinaceae,0.45
Planchonella malaccensis,Planchonella,malaccensis,Sapotaceae,0.714868812
Podocarpus polystachyus,Podocarpus,polystachyus,Podocarpaceae,0.485
Polyalthia glauca,Polyalthia,glauca,Annonaceae,0.441512037
Polyalthia lateriflora,Polyalthia,lateriflora,Annonaceae,0.441512037
Polyspora longicarpa,Polyspora,longicarpa,Theaceae,0.576065476
Pongamia pinnata,Pongamia,pinnata,Fabaceae,0.59475
Pouteria macrantha,Pouteria,macrantha,Sapotaceae,0.52
Prunus campanulata,Prunus,campanulata,Rosaceae,0.585666667
Prunus cerasoides,Prunus,cerasoides,Rosaceae,0.585666667
Prunus ceylanica,Prunus,ceylanica,Rosaceae,0.585666667
Prunus serrulata,Prunus,serrulata,Rosaceae,0.585666667
Prunus wilsonii,Prunus,wilsonii,Rosaceae,0.585666667
Psychotria asiatica,Psychotria,asiatica,Rubiaceae,0.5636
Pterocarpus dalbergioides,Pterocarpus,dalbergioides,Fabaceae,0.62
Pterocarpus macrocarpus,Pterocarpus,macrocarpus,Fabaceae,0.7
Pterocarpus marsupium,Pterocarpus,marsupium,Fabaceae,0.62
Quercus acutissima,Quercus,acutissima,Fagaceae,0.7334
Quercus edithiae,Quercus,edithiae,Fagaceae,0.700799975
Quercus fabrei,Quercus,fabrei,Fagaceae,0.66
Quercus glauca,Quercus,glauca,Fagaceae,0.73275
Quercus gomeziana,Quercus,gomeziana,Fagaceae,0.700799975
Quercus lamellosa,Quercus,lamellosa,Fagaceae,0.7
Quercus myrsinifolia,Quercus,myrsinifolia,Fagaceae,0.716666667
Quercus semiserrata,Quercus,semiserrata,Fagaceae,0.712333333
Rhus chinensis,Rhus,chinensis,Anacardiaceae,0.627181818
Sandoricum beccarianum,Sandoricum,beccarianum,Meliaceae,0.38
Sapindus mukorossi,Sapindus,mukorossi,Sapindaceae,0.7015
Sapindus rarak,Sapindus,rarak,Sapindaceae,0.51
Saraca declinata,Saraca,declinata,Fabaceae,0.44
Sarcosperma arboreum,Sarcosperma,arboreum,Sapotaceae,0.413
Scaphium macropodum,Scaphium,macropodum,Malvaceae,0.53
Schefflera heptaphylla,Schefflera,heptaphylla,Araliaceae,0.394552976
Schima superba,Schima,superba,Theaceae,0.5375
Schima wallichii,Schima,wallichii,Theaceae,0.55775
Schleichera oleosa,Schleichera,oleosa,Sapindaceae,0.89675
Semecarpus travancoricus,Semecarpus,travancoricus,Anacardiaceae,0.345833333
Shorea acuminata,Shorea,acuminata,Dipterocarpaceae,0.42
Shorea acuminatissima,Shorea,acuminatissima,Dipterocarpaceae,0.39
Shorea agamii,Shorea,agamii,Dipterocarpaceae,0.583246313
Shorea argentifolia,Shorea,argentifolia,Dipterocarpaceae,0.52
Shorea assamica,Shorea,assamica,Dipterocarpaceae,0.464333333
Shorea astylosa,Shorea,astylosa,Dipterocarpaceae,0.72
Shorea balangeran,Shorea,balangeran,Dipterocarpaceae,0.69
Shorea beccariana,Shorea,beccariana,Dipterocarpaceae,0.47
Shorea blumutensis,Shorea,blumutensis,Dipterocarpaceae,0.72
Shorea contorta,Shorea,contorta,Dipterocarpaceae,0.43
Shorea curtisii,Shorea,curtisii,Dipterocarpaceae,0.526666667
Shorea dasyphylla,Shorea,dasyphylla,Dipterocarpaceae,0.435
Shorea disticha,Shorea,disticha,Dipterocarpaceae,0.583246313
Shorea faguetiana,Shorea,faguetiana,Dipterocarpaceae,0.48
Shorea faguetioides,Shorea,faguetioides,Dipterocarpaceae,0.583246313
Shorea falciferoides,Shorea,falciferoides,Dipterocarpaceae,0.72
Shorea fallax,Shorea,fallax,Dipterocarpaceae,0.5
Shorea gibbosa,Shorea,gibbosa,Dipterocarpaceae,0.455
Shorea glauca,Shorea,glauca,Dipterocarpaceae,0.845
Shorea gratissima,Shorea,gratissima,Dipterocarpaceae,0.64
Shorea guiso,Shorea,guiso,Dipterocarpaceae,0.705
Shorea henryana,Shorea,henryana,Dipterocarpaceae,0.66
Shorea hopeifolia,Shorea,hopeifolia,Dipterocarpaceae,0.485
Shorea javanica,Shorea,javanica,Dipterocarpaceae,0.51
Shorea johorensis,Shorea,johorensis,Dipterocarpaceae,0.393333333
Shorea laevis,Shorea,laevis,Dipterocarpaceae,0.686666667
Shorea lamellata,Shorea,lamellata,Dipterocarpaceae,0.583333333
Shorea leprosula,Shorea,leprosula,Dipterocarpaceae,0.44
Shorea leptoderma,Shorea,leptoderma,Dipterocarpaceae,0.583246313
Shorea macrophylla,Shorea,macrophylla,Dipterocarpaceae,0.32
Shorea macroptera,Shorea,macroptera,Dipterocarpaceae,0.425
Shorea materialis,Shorea,materialis,Dipterocarpaceae,0.745
Shorea mecistopteryx,Shorea,mecistopteryx,Dipterocarpaceae,0.426666667
Shorea megistophylla,Shorea,megistophylla,Dipterocarpaceae,0.583246313
Shorea multiflora,Shorea,multiflora,Dipterocarpaceae,0.51
Shorea ovalis,Shorea,ovalis,Dipterocarpaceae,0.43
Shorea ovata,Shorea,ovata,Dipterocarpaceae,0.64
Shorea palembanica,Shorea,palembanica,Dipterocarpaceae,0.453333333
Shorea palosapis,Shorea,palosapis,Dipterocarpaceae,0.42
Shorea parvifolia,Shorea,parvifolia,Dipterocarpaceae,0.405
Shorea parvistipulata,Shorea,parvistipulata,Dipterocarpaceae,0.4
Shorea pauciflora,Shorea,pauciflora,Dipterocarpaceae,0.5325
Shorea pinanga,Shorea,pinanga,Dipterocarpaceae,0.363333333
Shorea platycarpa,Shorea,platycarpa,Dipterocarpaceae,0.59
Shorea platyclados,Shorea,platyclados,Dipterocarpaceae,0.556666667
Shorea polyandra,Shorea,polyandra,Dipterocarpaceae,0.583246313
Shorea polysperma,Shorea,polysperma,Dipterocarpaceae,0.505
Shorea roxburghii,Shorea,roxburghii,Dipterocarpaceae,0.7
Shorea scaberrima,Shorea,scaberrima,Dipterocarpaceae,0.47
Shorea selanica,Shorea,selanica,Dipterocarpaceae,0.37
Shorea seminis,Shorea,seminis,Dipterocarpaceae,0.72
Shorea singkawang,Shorea,singkawang,Dipterocarpaceae,0.53
Shorea smithiana,Shorea,smithiana,Dipterocarpaceae,0.355
Shorea stenoptera,Shorea,stenoptera,Dipterocarpaceae,0.33
Shorea stipularis,Shorea,stipularis,Dipterocarpaceae,0.583246313
Shorea thorelii,Shorea,thorelii,Dipterocarpaceae,0.583246313
Shorea trapezifolia,Shorea,trapezifolia,Dipterocarpaceae,0.583246313
Shorea uliginosa,Shorea,uliginosa,Dipterocarpaceae,0.51
Shorea virescens,Shorea,virescens,Dipterocarpaceae,0.435
Shorea xanthophylla,Shorea,xanthophylla,Dipterocarpaceae,0.52
Sindora beccariana,Sindora,beccariana,Fabaceae,0.545
Sindora coriacea,Sindora,coriacea,Fabaceae,0.55
Sindora leiocarpa,Sindora,leiocarpa,Fabaceae,0.51
Sindora siamensis,Sindora,siamensis,Fabaceae,0.716
Sindora sp,Sindora,sp,Fabaceae,0.577888889
Sloanea sigun,Sloanea,sigun,Elaeocarpaceae,0.49
Sorbus corymbifera,Sorbus,corymbifera,Rosaceae,0.6053
Stemonurus scorpioides,Stemonurus,scorpiodes,Stemonuraceae,0.51
Stemonurus secundiflorus,Stemonurus,secundiflorus,Stemonuraceae,0.51
Sterculia gilva,Sterculia,gilva,Malvaceae,0.404821667
Sterculia guttata,Sterculia,guttata,Malvaceae,0.404821667
Sterculia oblongata,Sterculia,oblongata,Malvaceae,0.22
Streblus elongatus,Streblus,elongatus,Moraceae,0.825
Swietenia macrophylla,Swietenia,macrophylla,Meliaceae,0.519545455
Swietenia mahogani,Swietenia,mahogani,Meliaceae,0.573181818
Symplocos cochinchinensis,Symplocos,cochinchinensis,Symplocaceae,0.515
Symplocos paniculata,Symplocos,paniculata,Symplocaceae,0.533541667
Syzygium cumini,Syzygium,cumini,Myrtaceae,0.722760274
Syzygium gardneri,Syzygium,gardneri,Myrtaceae,0.76
Syzygium grande,Syzygium,grande,Myrtaceae,0.664366667
Syzygium hainanense,Syzygium,hainanense,Myrtaceae,0.664366667
Syzygium hancei,Syzygium,hancei,Myrtaceae,0.664366667
Syzygium kunstleri,Syzygium,kunstleri,Myrtaceae,0.664366667
Syzygium leptostemon,Syzygium,leptostemon,Myrtaceae,0.664366667
Syzygium lineatum,Syzygium,lineatum,Myrtaceae,0.664366667
Syzygium munroi,Syzygium,munroi,Myrtaceae,0.765578146
Syzygium nervosum,Syzygium,nervosum,Myrtaceae,0.664366667
Syzygium oblatum,Syzygium,oblatum,Myrtaceae,0.664366667
Syzygium pycnanthum,Syzygium,pycnanthum,Myrtaceae,0.664366667
Syzygium racemosum,Syzygium,racemosum,Myrtaceae,0.664366667
Syzygium scortechinii,Syzygium,scortechinii,Myrtaceae,0.664366667
Syzygium sp,Syzygium,sp,Myrtaceae,0.679166667
Syzygium spathulatum,Syzygium,spathulatum,Myrtaceae,0.664366667
Tectona grandis,Tectona,grandis,Lamiaceae,0.601444444
Terminalia bellirica,Terminalia,bellirica,Combretaceae,0.630496778
Terminalia foetidissima,Terminalia,foetidissima,Combretaceae,0.6
Terminalia paniculata,Terminalia,paniculata,Combretaceae,0.630496778
Terminalia procera,Terminalia,procera,Combretaceae,0.52
Terminalia subspathulata,Terminalia,subspathulata,Combretaceae,0.54
Ternstroemia magnifica,Ternstroemia,magnifica,Pentaphylacaceae,0.615666667
Tetradium glabrifolium,Tetradium,glabrifolium,Rutaceae,0.232
Tetradium ruticarpum,Tetradium,ruticarpum,Rutaceae,0.232
Tetramerista glabra,Tetramerista,glabra,Tetrameristaceae,0.6
Toona hexandra,Toona,hexandra,Meliaceae,0.413111111
Toxicodendron rhetsoides,Toxicodendron,rhetsoides,Anacardiaceae,0.566013283
Trema cannabina,Trema,cannabina,Cannabaceae,0.3422
Triadica cochinchinensis,Triadica,cochinchinensis,Euphorbiaceae,0.544977248
Triadica sebifera,Triadica,sebifera,Euphorbiaceae,0.544977248
Tristaniopsis decorticata,Tristaniopsis,decorticata,Myrtaceae,0.869777778
Turpinia cochinchinensis,Turpinia,cochinchinensis,Staphyleaceae,0.394
Vateria indica,Vateria,indica,Dipterocarpaceae,0.48
Vatica albiramis,Vatica,albiramis,Dipterocarpaceae,0.706897436
Vatica cinerea,Vatica,cinerea,Dipterocarpaceae,0.706897436
Vatica pauciflora,Vatica,pauciflora,Dipterocarpaceae,0.706897436
Vatica sp,Vatica,sp,Dipterocarpaceae,0.706897436
Vepris bilocularis,Vepris,bilocularis,Rutaceae,0.659
Vitex parviflora,Vitex,parviflora,Lamiaceae,0.565170667
Vitex pinnata,Vitex,pinnata,Lamiaceae,0.565170667
Vitex turczaninowii,Vitex,turczaninowii,Lamiaceae,0.565170667
Walsura pinnata,Walsura,pinnata,Meliaceae,0.868
Whiteodendron moultonianum,Whiteodendron,moultonianum,Myrtaceae,0.785
Xanthophyllum ellipticum,Xanthophyllum,ellipticum,Polygalaceae,0.708076923
Xerospermum noronhianum,Xerospermum,noronhianum,Sapindaceae,0.77
Xylia xylocarpa,Xylia,xylocarpa,Fabaceae,0.68
Xylopia ferruginea,Xylopia,ferruginea,Annonaceae,0.35
Xylopia fusca,Xylopia,fusca,Annonaceae,0.34
