species_normalized,scientific_name_gbif,accepted_taxon_key,gbif_records_sampled,unique_coordinates,unique_datasets,unique_publishers,within_10km,within_25km,within_50km,nearest_distance_km,median_distance_km,regional_evidence,survival_n,survival_mean,survival_median,local_presence,candidate_tier,query_latitude,query_longitude
caryota urens,Caryota urens,2738914,53,19,1,1,41,49,53,0.1685600008973145,5.999716607140826,strong,7.0,26.271428571428572,23.3,True,A_ML_SUPPORTED,18.5204,73.8567
artocarpus heterophyllus,Artocarpus heterophyllus,2984565,13,6,1,1,10,13,13,5.2210439069683305,6.218877400637711,moderate,8.0,40.87,30.3,True,A_ML_SUPPORTED,18.5204,73.8567
gmelina arborea,Gmelina arborea,8247889,11,3,1,1,9,11,11,8.078823292646844,8.078823292646844,moderate,12.0,78.55833333333334,82.7,True,A_ML_SUPPORTED,18.5204,73.8567
tectona grandis,Tectona grandis,2925649,12,6,1,1,7,11,12,4.441337800053019,8.270919883448068,moderate,5.0,58.76069645,49.81496705,True,A_ML_SUPPORTED,18.5204,73.8567
careya arborea,Careya arborea,3083448,5,3,1,1,3,3,5,6.16187635782467,6.16187635782467,moderate,6.0,33.31166666666667,38.885,True,A_ML_SUPPORTED,18.5204,73.8567
swietenia macrophylla,Swietenia macrophylla,3190484,2,1,1,1,0,2,2,12.156246991141032,12.156246991141032,weak,16.0,48.81875,60.5,True,A_ML_SUPPORTED,18.5204,73.8567
broussonetia papyrifera,Broussonetia papyrifera,5361944,149,53,1,1,149,149,149,1.1785648681748757,5.876695372469654,strong,,,,False,B_REGIONAL_ONLY,18.5204,73.8567
mangifera indica,Mangifera indica,3190638,169,78,1,1,111,167,169,1.1028962379202605,6.157703175599564,strong,3.0,81.16666666666667,80.5,False,B_REGIONAL_ONLY,18.5204,73.8567
azadirachta indica,Azadirachta indica,3190474,156,109,1,1,109,155,156,1.0155831523331782,8.067328932741509,strong,,,,False,B_REGIONAL_ONLY,18.5204,73.8567
ficus religiosa,Ficus religiosa,5361935,121,90,1,1,107,121,121,0.9915818060013403,2.518765962162181,strong,,,,False,B_REGIONAL_ONLY,18.5204,73.8567
polyalthia longifolia,Polyalthia longifolia,3156422,111,60,1,1,105,111,111,0.20776946991890438,2.3856160238051305,strong,,,,False,B_REGIONAL_ONLY,18.5204,73.8567
ficus racemosa,Ficus racemosa,5361904,93,52,1,1,83,92,93,0.7127998014681984,5.299653661496171,strong,1.0,70.8,70.8,False,B_REGIONAL_ONLY,18.5204,73.8567
pongamia pinnata,Pongamia pinnata,2965911,109,55,1,1,82,108,109,1.6302593234086535,7.833677853461527,strong,2.0,72.05,72.05,False,B_REGIONAL_ONLY,18.5204,73.8567
ficus benghalensis,Ficus benghalensis,5361919,96,58,1,1,82,94,96,0.0927877720237846,3.9152655768929128,strong,,,,False,B_REGIONAL_ONLY,18.5204,73.8567
ficus benjamina,Ficus benjamina,5361932,84,46,1,1,75,84,84,1.2673608961330893,1.5681254466747507,strong,2.0,55.67,55.67,False,B_REGIONAL_ONLY,18.5204,73.8567
peltophorum pterocarpum,Peltophorum pterocarpum,2952775,74,35,1,1,70,74,74,1.3066979628134614,1.7059930382167483,strong,,,,False,B_REGIONAL_ONLY,18.5204,73.8567
cocos nucifera,Cocos nucifera,2735117,66,29,1,1,62,65,66,1.3733234655960953,6.001851535016575,strong,,,,False,B_REGIONAL_ONLY,18.5204,73.8567
delonix regia,Delonix regia,2956176,78,40,1,1,53,77,78,1.0896292537916248,6.806936507292804,strong,,,,False,B_REGIONAL_ONLY,18.5204,73.8567
samanea saman,Samanea saman,2972960,54,27,1,1,51,54,54,1.5880852955702254,2.5918040173126724,strong,,,,False,B_REGIONAL_ONLY,18.5204,73.8567
gliricidia sepium,Gliricidia sepium,8082978,53,20,1,1,44,52,53,2.688065583046758,4.484588848198472,strong,,,,False,B_REGIONAL_ONLY,18.5204,73.8567
terminalia catappa,Terminalia catappa,3189394,50,27,1,1,44,50,50,1.3066979628134614,2.0714176794697794,strong,,,,False,B_REGIONAL_ONLY,18.5204,73.8567
calotropis gigantea,Calotropis gigantea,3579089,90,39,1,1,40,88,90,3.6312225602362767,12.752544619015184,strong,,,,False,B_REGIONAL_ONLY,18.5204,73.8567
butea monosperma,Butea monosperma,8234570,43,14,1,1,39,43,43,3.283815370525954,4.666655016118777,strong,,,,False,B_REGIONAL_ONLY,18.5204,73.8567
syzygium cumini,Syzygium cumini,3183840,52,25,1,1,37,51,52,1.3390373466408092,5.897435515132348,strong,1.0,85.6,85.6,False,B_REGIONAL_ONLY,18.5204,73.8567
cassia fistula,Cassia fistula,5357108,59,29,1,1,34,57,59,3.252835390427279,8.07922503140995,strong,,,,False,B_REGIONAL_ONLY,18.5204,73.8567
bauhinia purpurea,Bauhinia purpurea,2953871,34,12,1,1,33,34,34,1.970778345426064,6.014910613604194,strong,,,,False,B_REGIONAL_ONLY,18.5204,73.8567
holoptelea integrifolia,Holoptelea integrifolia,4160169,32,13,1,1,32,32,32,1.9475355030426567,2.6307188837137407,strong,4.0,66.2059218525,67.706843705,False,B_REGIONAL_ONLY,18.5204,73.8567
cascabela thevetia,Cascabela thevetia,3169652,38,29,1,1,28,38,38,4.949469234292486,5.530617005531967,strong,,,,False,B_REGIONAL_ONLY,18.5204,73.8567
ficus microcarpa,Ficus microcarpa,7467639,28,10,1,1,28,28,28,1.5818821790606574,1.7063091098399001,strong,,,,False,B_REGIONAL_ONLY,18.5204,73.8567
tridax procumbens,Tridax procumbens,3149462,56,25,1,1,26,56,56,2.962435745276577,10.025132854817038,strong,,,,False,B_REGIONAL_ONLY,18.5204,73.8567
kigelia africana,Kigelia africana,3172561,28,11,1,1,26,28,28,2.335156761901044,4.755258678086163,strong,,,,False,B_REGIONAL_ONLY,18.5204,73.8567
capparis grandis,Capparis grandis,7552967,25,8,1,1,25,25,25,3.6972123156324552,4.3853332834187535,strong,,,,False,B_REGIONAL_ONLY,18.5204,73.8567
lannea coromandelica,Lannea coromandelica,3661151,28,10,1,1,24,28,28,4.216502218042899,4.363908808109782,strong,,,,False,B_REGIONAL_ONLY,18.5204,73.8567
alternanthera ficoidea,Alternanthera ficoidea,8160803,24,6,1,1,24,24,24,4.523249084068973,4.550563396175139,strong,,,,False,B_REGIONAL_ONLY,18.5204,73.8567
tamarindus indica,Tamarindus indica,2975768,32,15,1,1,23,32,32,1.5678362298049073,6.122991825924592,strong,,,,False,B_REGIONAL_ONLY,18.5204,73.8567
grevillea robusta,Grevillea robusta,2891791,27,11,1,1,23,27,27,1.1934739422364187,1.5529705447321087,strong,,,,False,B_REGIONAL_ONLY,18.5204,73.8567
leucaena leucocephala,Leucaena leucocephala,2970418,38,17,1,1,22,38,38,1.7375582424334803,6.061670878588644,strong,,,,False,B_REGIONAL_ONLY,18.5204,73.8567
solanum torvum,Solanum torvum,2932389,22,8,1,1,22,22,22,6.354957445620521,8.07315819680142,strong,,,,False,B_REGIONAL_ONLY,18.5204,73.8567
argemone mexicana,Argemone mexicana,2888485,30,13,1,1,21,28,30,8.145573782838644,8.16938428823338,strong,,,,False,B_REGIONAL_ONLY,18.5204,73.8567
millingtonia hortensis,Millingtonia hortensis,7629955,23,10,1,1,21,23,23,1.164208703974093,5.632941098534995,strong,,,,False,B_REGIONAL_ONLY,18.5204,73.8567
ricinus communis,Ricinus communis,5380041,23,8,1,1,21,23,23,3.353013471389553,6.6201811848277945,strong,,,,False,B_REGIONAL_ONLY,18.5204,73.8567
bauhinia variegata,Bauhinia variegata,2953251,21,7,1,1,21,21,21,1.3879359430308658,6.029298675612749,strong,4.0,74.267348255,75.07342185,False,B_REGIONAL_ONLY,18.5204,73.8567
mesosphaerum suaveolens,Mesosphaerum suaveolens,3889017,22,8,1,1,21,21,22,3.476670605995508,6.847972316911552,strong,,,,False,B_REGIONAL_ONLY,18.5204,73.8567
cardiospermum halicacabum,Cardiospermum halicacabum,3189939,21,7,1,1,21,21,21,6.077618352271987,8.205663715446926,strong,,,,False,B_REGIONAL_ONLY,18.5204,73.8567
senna auriculata,Senna auriculata,2956966,21,7,1,1,21,21,21,6.721651465382156,7.233334645012819,strong,,,,False,B_REGIONAL_ONLY,18.5204,73.8567
chromolaena odorata,Chromolaena odorata,3087725,39,18,1,1,19,37,39,3.385521266495953,10.026375073550971,strong,,,,False,B_REGIONAL_ONLY,18.5204,73.8567
bauhinia racemosa,Bauhinia racemosa,2953160,33,15,1,1,19,33,33,2.358462256844788,8.296674719190198,strong,,,,False,B_REGIONAL_ONLY,18.5204,73.8567
calotropis procera,Calotropis procera,5414566,22,6,1,1,18,22,22,3.6972123156324552,4.293143944949071,strong,,,,False,B_REGIONAL_ONLY,18.5204,73.8567
asclepias curassavica,Asclepias curassavica,3170241,21,10,1,1,18,20,21,7.626576858082255,8.158485335675026,strong,,,,False,B_REGIONAL_ONLY,18.5204,73.8567
boswellia serrata,Boswellia serrata,5421354,18,6,1,1,18,18,18,3.5495283023970843,4.328969268364775,moderate,,,,False,B_REGIONAL_ONLY,18.5204,73.8567
ficus heterophylla,Ficus heterophylla,8418037,18,6,1,1,18,18,18,8.149289650133056,8.155002064081296,moderate,,,,False,B_REGIONAL_ONLY,18.5204,73.8567
pithecellobium dulce,Pithecellobium dulce,2962831,80,43,1,1,17,79,80,1.4436439094564735,10.670449537486776,strong,,,,False,B_REGIONAL_ONLY,18.5204,73.8567
phyllanthus reticulatus,Phyllanthus reticulatus,5382478,31,14,1,1,17,31,31,1.698572828119746,8.214238116386095,strong,,,,False,B_REGIONAL_ONLY,18.5204,73.8567
phoenix sylvestris,Phoenix sylvestris,5293177,27,14,1,1,16,26,27,6.0495505301286405,8.924550931437068,strong,,,,False,B_REGIONAL_ONLY,18.5204,73.8567
lantana camara,Lantana camara,2925303,27,13,1,1,16,26,27,4.226606566071267,6.430688990490475,strong,,,,False,B_REGIONAL_ONLY,18.5204,73.8567
alstonia scholaris,Alstonia scholaris,5414410,24,12,1,1,16,24,24,1.354519719551332,8.04942976552741,strong,4.0,76.075,96.65,False,B_REGIONAL_ONLY,18.5204,73.8567
bougainvillea spectabilis,Bougainvillea spectabilis,7167078,24,10,1,1,16,24,24,2.385195396703369,5.691812526923869,strong,,,,False,B_REGIONAL_ONLY,18.5204,73.8567
dichrostachys cinerea,Dichrostachys cinerea,2975891,18,7,1,1,16,18,18,2.077295202329601,4.251940774866873,moderate,,,,False,B_REGIONAL_ONLY,18.5204,73.8567
grewia tiliifolia,Grewia tiliifolia,4259991,21,8,1,1,15,21,21,3.6972123156324552,4.4491479650185495,strong,,,,False,B_REGIONAL_ONLY,18.5204,73.8567
verbascum coromandelianum,Verbascum coromandelianum,7333197,18,7,1,1,15,17,18,3.329461687465111,4.420900780194281,moderate,,,,False,B_REGIONAL_ONLY,18.5204,73.8567
morinda coreia,Morinda coreia,5339862,17,10,1,1,15,17,17,3.6972123156324552,4.541954141634957,moderate,,,,False,B_REGIONAL_ONLY,18.5204,73.8567
albizia lebbeck,Albizia lebbeck,2973215,17,6,1,1,15,17,17,1.099842491897655,4.778594813501082,moderate,,,,False,B_REGIONAL_ONLY,18.5204,73.8567
ipomoea cairica,Ipomoea cairica,2928531,17,6,1,1,15,17,17,2.9784627218778637,7.38322870772355,moderate,,,,False,B_REGIONAL_ONLY,18.5204,73.8567
plumbago zeylanica,Plumbago zeylanica,3082282,17,6,1,1,15,17,17,4.842579531085314,8.101197196288648,moderate,,,,False,B_REGIONAL_ONLY,18.5204,73.8567
pterospermum acerifolium,Pterospermum acerifolium,3669210,13,5,1,1,13,13,13,0.757638419904288,6.5647078773586545,moderate,,,,False,B_REGIONAL_ONLY,18.5204,73.8567
sterculia foetida,Sterculia foetida,5406675,13,5,1,1,13,13,13,1.3206363481930257,6.258288587145536,moderate,,,,False,B_REGIONAL_ONLY,18.5204,73.8567
dolichandrone falcata,Dolichandrone falcata,4091174,20,7,1,1,12,20,20,2.5166880166794843,4.273769143645818,strong,,,,False,B_REGIONAL_ONLY,18.5204,73.8567
vachellia leucophloea,Vachellia leucophloea,7769517,18,7,1,1,12,18,18,4.668126954888673,7.594969449451494,moderate,,,,False,B_REGIONAL_ONLY,18.5204,73.8567
stephanotis volubilis,Stephanotis volubilis,12202584,17,7,1,1,12,16,17,4.392653595370013,7.235112111750504,moderate,,,,False,B_REGIONAL_ONLY,18.5204,73.8567
combretum albidum,Combretum albidum,7327060,16,6,1,1,12,16,16,6.2856834980817196,8.123794836917206,moderate,,,,False,B_REGIONAL_ONLY,18.5204,73.8567
couroupita guianensis,Couroupita guianensis,3082562,13,5,1,1,12,13,13,2.405825561154197,6.208572831623742,moderate,,,,False,B_REGIONAL_ONLY,18.5204,73.8567
kalanchoe pinnata,Kalanchoe pinnata,2985930,13,5,1,1,12,12,13,3.6408666772091807,4.816649472136982,moderate,,,,False,B_REGIONAL_ONLY,18.5204,73.8567
urena lobata,Urena lobata,3152253,13,5,1,1,12,12,13,6.4997721935256605,8.191812171847433,moderate,,,,False,B_REGIONAL_ONLY,18.5204,73.8567
cordia dichotoma,Cordia dichotoma,5341270,12,4,1,1,12,12,12,5.972156985879395,7.088548399344743,moderate,,,,False,B_REGIONAL_ONLY,18.5204,73.8567
pontederia crassipes,Pontederia crassipes,2765942,13,6,1,1,11,13,13,0.512502936682385,7.687884169113,moderate,,,,False,B_REGIONAL_ONLY,18.5204,73.8567
glycosmis pentaphylla,Glycosmis pentaphylla,8241662,11,4,1,1,11,11,11,7.964828704118073,8.058062840412834,moderate,,,,False,B_REGIONAL_ONLY,18.5204,73.8567
senna siamea,Senna siamea,2956905,12,7,1,1,10,12,12,1.1408658869712924,2.2328646630400404,moderate,,,,False,B_REGIONAL_ONLY,18.5204,73.8567
mimusops elengi,Mimusops elengi,2883768,12,5,1,1,10,12,12,1.1763828465623063,6.363818371177471,moderate,,,,False,B_REGIONAL_ONLY,18.5204,73.8567
terminalia arjuna,Terminalia arjuna,3699548,10,6,1,1,10,10,10,1.915021650087706,6.820109138020625,moderate,,,,False,B_REGIONAL_ONLY,18.5204,73.8567
eclipta prostrata,Eclipta prostrata,5384950,10,4,1,1,10,10,10,4.4491479650185495,7.376302188330462,moderate,,,,False,B_REGIONAL_ONLY,18.5204,73.8567
ipomoea obscura,Ipomoea obscura,2928565,10,4,1,1,10,10,10,4.420222150587102,5.6533208363652525,moderate,,,,False,B_REGIONAL_ONLY,18.5204,73.8567
bombax ceiba,Bombax ceiba,3152226,19,9,1,1,9,17,19,4.029322332159707,10.73471333232536,moderate,,,,False,B_REGIONAL_ONLY,18.5204,73.8567
erythrina suberosa,Erythrina suberosa,5349546,17,7,1,1,9,17,17,4.394029188015461,8.465455579465614,moderate,,,,False,B_REGIONAL_ONLY,18.5204,73.8567
nerium oleander,Nerium oleander,3169756,18,9,1,1,9,16,18,2.2295695595853777,9.861890055443881,moderate,,,,False,B_REGIONAL_ONLY,18.5204,73.8567
combretum indicum,Combretum indicum,12203608,15,8,1,1,9,15,15,2.358462256844788,8.240207565385274,moderate,,,,False,B_REGIONAL_ONLY,18.5204,73.8567
heliotropium indicum,Heliotropium indicum,2925788,15,6,1,1,9,15,15,5.346721856969325,8.027572228551978,moderate,,,,False,B_REGIONAL_ONLY,18.5204,73.8567
persicaria glabra,Persicaria glabra,6391450,15,6,1,1,9,15,15,4.317004273828027,8.185687101928654,moderate,,,,False,B_REGIONAL_ONLY,18.5204,73.8567
parthenium hysterophorus,Parthenium hysterophorus,3086784,15,8,1,1,9,13,15,6.120709488240604,9.07246438073025,moderate,,,,False,B_REGIONAL_ONLY,18.5204,73.8567
carica papaya,Carica papaya,2874484,14,6,1,1,9,13,14,1.81133375332948,7.438566891104173,moderate,,,,False,B_REGIONAL_ONLY,18.5204,73.8567
solanum lycopersicum,Solanum lycopersicum,2930137,13,5,1,1,9,13,13,2.975720485927203,8.140910956823287,moderate,,,,False,B_REGIONAL_ONLY,18.5204,73.8567
tabebuia rosea,Tabebuia rosea,3172537,13,5,1,1,9,13,13,6.730478294179315,7.657309345673133,moderate,,,,False,B_REGIONAL_ONLY,18.5204,73.8567
lagerstroemia speciosa,Lagerstroemia speciosa,3188724,13,7,1,1,9,12,13,3.4760275663090736,7.845505470501785,moderate,1.0,90.4,90.4,False,B_REGIONAL_ONLY,18.5204,73.8567
cosmos sulphureus,Cosmos sulphureus,3098951,12,5,1,1,9,11,12,4.392653595370013,5.681323187360536,moderate,,,,False,B_REGIONAL_ONLY,18.5204,73.8567
dalbergia sissoo,Dalbergia sissoo,2968532,11,4,1,1,9,11,11,6.73650422003864,7.497930581779246,moderate,,,,False,B_REGIONAL_ONLY,18.5204,73.8567
erythrina variegata,Erythrina variegata,5349581,11,4,1,1,9,11,11,4.185699022712651,4.4700100140730035,moderate,,,,False,B_REGIONAL_ONLY,18.5204,73.8567
jatropha nana,Jatropha nana,3072834,11,4,1,1,9,11,11,7.746644985129624,8.502158352690863,moderate,,,,False,B_REGIONAL_ONLY,18.5204,73.8567
heterophragma quadriloculare,Heterophragma quadriloculare,4091635,9,3,1,1,9,9,9,7.037420900854485,7.041077822426519,moderate,,,,False,B_REGIONAL_ONLY,18.5204,73.8567
prosopis juliflora,Prosopis juliflora,5358460,9,3,1,1,9,9,9,3.8429022971998292,7.275244495701628,moderate,,,,False,B_REGIONAL_ONLY,18.5204,73.8567
putranjiva roxburghii,Putranjiva roxburghii,3076079,9,3,1,1,9,9,9,1.1869671188696649,1.1943605123399053,moderate,,,,False,B_REGIONAL_ONLY,18.5204,73.8567
catharanthus roseus,Catharanthus roseus,3169830,16,8,1,1,8,16,16,2.83917418681814,7.734265427082593,moderate,,,,False,B_REGIONAL_ONLY,18.5204,73.8567
portulaca oleracea,Portulaca oleracea,3084719,14,6,1,1,8,14,14,7.376302188330462,8.881567476319383,moderate,,,,False,B_REGIONAL_ONLY,18.5204,73.8567
mitragyna parvifolia,Mitragyna parvifolia,2900484,12,5,1,1,8,12,12,5.944829485025848,8.151347011163532,moderate,,,,False,B_REGIONAL_ONLY,18.5204,73.8567
ipomoea aquatica,Ipomoea aquatica,2928525,11,5,1,1,8,10,11,3.6972123156324552,7.284795333620931,moderate,,,,False,B_REGIONAL_ONLY,18.5204,73.8567
terminalia neotaliala,Terminalia neotaliala,3699469,8,8,1,1,8,8,8,5.366289295695347,8.03829416631422,moderate,,,,False,B_REGIONAL_ONLY,18.5204,73.8567
ipomoea carnea,Ipomoea carnea,3682029,28,15,1,1,7,26,28,4.454438271409289,23.645729625605604,strong,,,,False,B_REGIONAL_ONLY,18.5204,73.8567
muntingia calabura,Muntingia calabura,3152036,15,7,1,1,7,15,15,2.4229252333145554,12.389057151792201,moderate,,,,False,B_REGIONAL_ONLY,18.5204,73.8567
oxalis corniculata,Oxalis corniculata,8427624,11,5,1,1,7,11,11,1.4145461477270074,3.2628755163700847,moderate,,,,False,B_REGIONAL_ONLY,18.5204,73.8567
wrightia tinctoria,Wrightia tinctoria,5536686,10,5,1,1,7,9,10,1.7556172952417488,8.56732302906703,moderate,,,,False,B_REGIONAL_ONLY,18.5204,73.8567
carissa carandas,Carissa carandas,5414419,9,4,1,1,7,9,9,6.885335293975173,7.033209896983983,moderate,,,,False,B_REGIONAL_ONLY,18.5204,73.8567
spathodea campanulata,Spathodea campanulata,3172574,9,4,1,1,7,9,9,2.3540923402024507,6.709604242465484,moderate,,,,False,B_REGIONAL_ONLY,18.5204,73.8567
eleusine indica,Eleusine indica,2705953,7,3,1,1,7,7,7,3.6122212455708778,5.218806084140524,moderate,,,,False,B_REGIONAL_ONLY,18.5204,73.8567
erigeron bonariensis,Erigeron bonariensis,3146717,7,3,1,1,7,7,7,6.475760420534803,8.550504098659026,moderate,,,,False,B_REGIONAL_ONLY,18.5204,73.8567
ipomoea triloba,Ipomoea triloba,2928547,7,3,1,1,7,7,7,6.44685402215644,8.011321887809023,moderate,,,,False,B_REGIONAL_ONLY,18.5204,73.8567
magnolia champaca,Magnolia champaca,3153099,7,3,1,1,7,7,7,4.832710127373901,5.239504401792719,moderate,,,,False,B_REGIONAL_ONLY,18.5204,73.8567
nymphoides hydrophylla,Nymphoides hydrophylla,5592249,7,3,1,1,7,7,7,4.263027666527978,4.279260337152896,moderate,,,,False,B_REGIONAL_ONLY,18.5204,73.8567
euphorbia hirta,Euphorbia hirta,3068937,24,12,1,1,6,23,24,6.480342888957777,10.02463851970725,strong,,,,False,B_REGIONAL_ONLY,18.5204,73.8567
woodfordia fruticosa,Woodfordia fruticosa,5635525,20,10,1,1,6,19,20,4.334446057361226,16.014954477405723,strong,,,,False,B_REGIONAL_ONLY,18.5204,73.8567
plumeria obtusa,Plumeria obtusa,3169677,12,7,1,1,6,12,12,1.6877643781693685,12.531148960962064,moderate,,,,False,B_REGIONAL_ONLY,18.5204,73.8567
jacaranda mimosifolia,Jacaranda mimosifolia,3172499,10,4,1,1,6,10,10,2.671318987234425,4.498352950708911,moderate,,,,False,B_REGIONAL_ONLY,18.5204,73.8567
caesalpinia pulcherrima,Caesalpinia pulcherrima,2958715,8,5,1,1,6,8,8,2.7937984590517546,4.949766340364451,moderate,,,,False,B_REGIONAL_ONLY,18.5204,73.8567
abutilon indicum,Abutilon indicum,3152634,8,3,1,1,6,8,8,4.935637268212666,8.04285196571214,moderate,,,,False,B_REGIONAL_ONLY,18.5204,73.8567
cullen corylifolium,Cullen corylifolium,2948930,8,3,1,1,6,8,8,6.442650815469846,6.480342888957777,moderate,,,,False,B_REGIONAL_ONLY,18.5204,73.8567
dendrophthoe falcata,Dendrophthoe falcata,7595217,8,3,1,1,6,8,8,4.392653595370013,4.683667432963349,moderate,,,,False,B_REGIONAL_ONLY,18.5204,73.8567
euphorbia hypericifolia,Euphorbia hypericifolia,3066321,8,3,1,1,6,8,8,6.189491455737482,6.480342888957777,moderate,,,,False,B_REGIONAL_ONLY,18.5204,73.8567
salvia plebeia,Salvia plebeia,3891879,8,3,1,1,6,8,8,8.221895055078129,8.231682486176526,moderate,,,,False,B_REGIONAL_ONLY,18.5204,73.8567
sterculia urens,Sterculia urens,5406674,8,3,1,1,6,8,8,7.9142030085005555,8.125471612391129,moderate,,,,False,B_REGIONAL_ONLY,18.5204,73.8567
portulaca grandiflora,Portulaca grandiflora,3084700,8,2,1,1,6,8,8,2.358462256844788,2.358462256844788,moderate,,,,False,B_REGIONAL_ONLY,18.5204,73.8567
wodyetia bifurcata,Wodyetia bifurcata,2736620,7,3,1,1,6,7,7,2.077628533151717,9.361072171293465,moderate,,,,False,B_REGIONAL_ONLY,18.5204,73.8567
ceiba pentandra,Ceiba pentandra,5406697,6,2,1,1,6,6,6,1.5668405160371688,1.593093373896842,moderate,1.0,87.0,87.0,False,B_REGIONAL_ONLY,18.5204,73.8567
dypsis lutescens,Dypsis lutescens,2735935,6,3,1,1,6,6,6,3.6235678407570684,4.287217907199832,moderate,,,,False,B_REGIONAL_ONLY,18.5204,73.8567
annona squamosa,Annona squamosa,5407099,6,2,1,1,6,6,6,2.6000365901430387,2.6126727482953758,moderate,,,,False,B_REGIONAL_ONLY,18.5204,73.8567
cissus woodrowii,Cissus woodrowii,4053505,6,2,1,1,6,6,6,4.374920944313475,4.943380695230891,moderate,,,,False,B_REGIONAL_ONLY,18.5204,73.8567
cocculus hirsutus,Cocculus hirsutus,3829491,6,2,1,1,6,6,6,6.430688990490475,6.651578706908648,moderate,,,,False,B_REGIONAL_ONLY,18.5204,73.8567
croton bonplandianus,Croton bonplandianus,3058543,6,2,1,1,6,6,6,8.203243738352258,8.222010332867587,moderate,,,,False,B_REGIONAL_ONLY,18.5204,73.8567
cryptolepis buchananii,Cryptolepis buchananii,5525050,6,2,1,1,6,6,6,8.007462772807852,8.031201345882383,moderate,,,,False,B_REGIONAL_ONLY,18.5204,73.8567
cuscuta campestris,Cuscuta campestris,3610757,6,2,1,1,6,6,6,5.185023897556413,6.67061831633106,moderate,,,,False,B_REGIONAL_ONLY,18.5204,73.8567
dalbergia lanceolaria,Dalbergia lanceolaria,2940397,6,2,1,1,6,6,6,8.092363071274471,8.126179061523386,moderate,,,,False,B_REGIONAL_ONLY,18.5204,73.8567
diospyros malabarica,Diospyros malabarica,7295796,6,2,1,1,6,6,6,5.847245744673301,6.024968617437342,moderate,,,,False,B_REGIONAL_ONLY,18.5204,73.8567
flacourtia indica,Flacourtia indica,5331162,6,2,1,1,6,6,6,4.273769143645818,4.477202555281178,moderate,,,,False,B_REGIONAL_ONLY,18.5204,73.8567
holarrhena pubescens,Holarrhena pubescens,3169748,6,2,1,1,6,6,6,7.227299090417294,7.231385635377462,moderate,,,,False,B_REGIONAL_ONLY,18.5204,73.8567
impatiens walleriana,Impatiens walleriana,2891772,6,2,1,1,6,6,6,0.9621516784482264,0.9663592209097442,moderate,,,,False,B_REGIONAL_ONLY,18.5204,73.8567
jatropha gossypiifolia,Jatropha gossypiifolia,3072900,6,2,1,1,6,6,6,4.127463282844481,4.140386018496642,moderate,,,,False,B_REGIONAL_ONLY,18.5204,73.8567
khaya senegalensis,Khaya senegalensis,3190508,6,2,1,1,6,6,6,2.4759432628315166,5.306960392769637,moderate,,,,False,B_REGIONAL_ONLY,18.5204,73.8567
leonotis nepetifolia,Leonotis nepetifolia,4924659,6,2,1,1,6,6,6,6.748365291502254,6.750379652508322,moderate,,,,False,B_REGIONAL_ONLY,18.5204,73.8567
limonia acidissima,Limonia acidissima,5421342,6,2,1,1,6,6,6,6.710715085791731,7.418023715589019,moderate,,,,False,B_REGIONAL_ONLY,18.5204,73.8567
malvastrum coromandelianum,Malvastrum coromandelianum,3152268,6,2,1,1,6,6,6,8.072141180443051,8.111744095803292,moderate,,,,False,B_REGIONAL_ONLY,18.5204,73.8567
mirabilis jalapa,Mirabilis jalapa,3086240,6,2,1,1,6,6,6,1.8084764845320602,2.02738881133025,moderate,,,,False,B_REGIONAL_ONLY,18.5204,73.8567
nicotiana plumbaginifolia,Nicotiana plumbaginifolia,2928768,6,2,1,1,6,6,6,8.14969951593008,8.165303185904664,moderate,,,,False,B_REGIONAL_ONLY,18.5204,73.8567
ruellia tuberosa,Ruellia tuberosa,5415418,6,2,1,1,6,6,6,2.615725904662991,3.9894406616603972,moderate,,,,False,B_REGIONAL_ONLY,18.5204,73.8567
sabdariffa kostel.,Sabdariffa Kostel.,3152542,6,2,1,1,6,6,6,5.960319739712095,6.480132445872831,moderate,,,,False,B_REGIONAL_ONLY,18.5204,73.8567
synedrella nodiflora,Synedrella nodiflora,5404991,6,2,1,1,6,6,6,2.962435745276577,4.109232706306203,moderate,,,,False,B_REGIONAL_ONLY,18.5204,73.8567
syzygium aqueum,Syzygium aqueum,3183335,6,2,1,1,6,6,6,7.770815622137092,8.621289201286588,moderate,,,,False,B_REGIONAL_ONLY,18.5204,73.8567
tecoma stans,Tecoma stans,3172492,10,6,1,1,5,9,10,2.0709346390630827,9.083794719726818,moderate,,,,False,B_REGIONAL_ONLY,18.5204,73.8567
passiflora vesicaria,Passiflora vesicaria,3588353,6,4,1,1,5,5,6,4.900733319373606,8.09120093565984,moderate,,,,False,B_REGIONAL_ONLY,18.5204,73.8567
bambusa vulgaris,Bambusa vulgaris,7661971,10,5,1,1,4,10,10,4.755258678086163,16.941299814252364,moderate,,,,False,B_REGIONAL_ONLY,18.5204,73.8567
ficus hispida,Ficus hispida,7879404,8,4,1,1,4,8,8,4.00557876420171,9.088888054637284,moderate,1.0,87.5,87.5,False,B_REGIONAL_ONLY,18.5204,73.8567
plumeria rubra,Plumeria rubra,3169674,8,4,1,1,4,8,8,1.3621049753258323,12.819330641151033,moderate,,,,False,B_REGIONAL_ONLY,18.5204,73.8567
senegalia catechu,Senegalia catechu,3796190,6,3,1,1,4,6,6,4.392653595370013,4.461429310289785,moderate,,,,False,B_REGIONAL_ONLY,18.5204,73.8567
mimosa pudica,Mimosa pudica,2969284,7,5,1,1,4,4,7,3.1478390052114493,5.25783168588861,moderate,,,,False,B_REGIONAL_ONLY,18.5204,73.8567
clitoria ternatea,Clitoria ternatea,2946519,5,3,1,1,4,4,5,3.672692662505888,7.376302188330462,moderate,,,,False,B_REGIONAL_ONLY,18.5204,73.8567
coccinia grandis,Coccinia grandis,2874564,5,3,1,1,4,4,5,3.8653773791259063,5.875573638526641,moderate,,,,False,B_REGIONAL_ONLY,18.5204,73.8567
cordia sebestena,Cordia sebestena,5341289,4,4,1,1,4,4,4,6.075467934152676,6.085461907190748,weak,,,,False,B_REGIONAL_ONLY,18.5204,73.8567
antigonon leptopus,Antigonon leptopus,2889355,4,2,1,1,4,4,4,4.879731672761669,4.879731672761669,weak,,,,False,B_REGIONAL_ONLY,18.5204,73.8567
cycas revoluta,Cycas revoluta,2683217,4,2,1,1,4,4,4,5.740740573008983,8.403256412603252,weak,,,,False,B_REGIONAL_ONLY,18.5204,73.8567
cyperus alternifolius,Cyperus alternifolius,2714156,4,2,1,1,4,4,4,5.793620825613562,5.793620825613562,weak,,,,False,B_REGIONAL_ONLY,18.5204,73.8567
homonoia riparia,Homonoia riparia,3071623,4,2,1,1,4,4,4,5.1697362714695085,9.92740659115712,weak,,,,False,B_REGIONAL_ONLY,18.5204,73.8567
portulaca quadrifida,Portulaca quadrifida,3084699,4,2,1,1,4,4,4,3.601994439283864,7.376302188330462,weak,,,,False,B_REGIONAL_ONLY,18.5204,73.8567
roystonea regia,Roystonea regia,2733755,4,2,1,1,4,4,4,1.2463351183636706,1.2463351183636706,weak,,,,False,B_REGIONAL_ONLY,18.5204,73.8567
solanum diphyllum,Solanum diphyllum,2931088,4,2,1,1,4,4,4,6.369250913443823,7.33185418861314,weak,,,,False,B_REGIONAL_ONLY,18.5204,73.8567
thunbergia erecta,Thunbergia erecta,5415461,4,2,1,1,4,4,4,6.890364313374465,7.917734918648372,weak,,,,False,B_REGIONAL_ONLY,18.5204,73.8567
withania somnifera,Withania somnifera,2928840,4,2,1,1,4,4,4,5.854243233876021,5.854243233876021,weak,,,,False,B_REGIONAL_ONLY,18.5204,73.8567
nymphaea rubra,Nymphaea rubra,7365664,4,1,1,1,4,4,4,3.6972123156324552,3.6972123156324552,weak,,,,False,B_REGIONAL_ONLY,18.5204,73.8567
ziziphus mauritiana,Ziziphus mauritiana,3039424,17,8,1,1,3,17,17,4.4491479650185495,10.741385352294714,moderate,,,,False,B_REGIONAL_ONLY,18.5204,73.8567
salix tetrasperma,Salix tetrasperma,5582578,13,6,1,1,3,13,13,8.128186994573394,10.713169044328145,moderate,,,,False,B_REGIONAL_ONLY,18.5204,73.8567
crotalaria pallida,Crotalaria pallida,8260433,11,5,1,1,3,11,11,6.4546848668005365,16.013972910384254,moderate,,,,False,B_REGIONAL_ONLY,18.5204,73.8567
calyptocarpus vialis,Calyptocarpus vialis,3091480,7,3,1,1,3,7,7,6.475760420534803,11.311883450894298,moderate,,,,False,B_REGIONAL_ONLY,18.5204,73.8567
carissa spinarum,Carissa spinarum,5536282,7,3,1,1,3,7,7,4.39351274709835,14.793345608335608,moderate,,,,False,B_REGIONAL_ONLY,18.5204,73.8567
grangea maderaspatana,Grangea maderaspatana,8028873,7,3,1,1,3,7,7,8.236265582019197,10.216309663746452,moderate,,,,False,B_REGIONAL_ONLY,18.5204,73.8567
plumbago auriculata,Plumbago auriculata,3082283,7,3,1,1,3,7,7,8.016198131895035,10.320277489862791,moderate,,,,False,B_REGIONAL_ONLY,18.5204,73.8567
saraca asoca,Saraca asoca,7458904,7,3,1,1,3,7,7,7.597315299982245,19.451948133409648,moderate,,,,False,B_REGIONAL_ONLY,18.5204,73.8567
pistia stratiotes,Pistia stratiotes,2870583,6,3,1,1,3,5,6,8.658356646977342,11.731015857380228,moderate,,,,False,B_REGIONAL_ONLY,18.5204,73.8567
sphaeranthus indicus,Sphaeranthus indicus,8302135,6,3,1,1,3,5,6,8.202294692217711,13.197870907493034,moderate,,,,False,B_REGIONAL_ONLY,18.5204,73.8567
tabernaemontana divaricata,Tabernaemontana divaricata,3169625,5,4,1,1,3,5,5,0.7467631204970631,8.65965551182004,moderate,,,,False,B_REGIONAL_ONLY,18.5204,73.8567
aegle marmelos,Aegle marmelos,5421195,5,2,1,1,3,5,5,2.2568449567360376,2.2568449567360376,moderate,,,,False,B_REGIONAL_ONLY,18.5204,73.8567
cassia javanica,Cassia javanica,5357125,5,2,1,1,3,5,5,4.454110182704094,4.454110182704094,moderate,,,,False,B_REGIONAL_ONLY,18.5204,73.8567
celosia argentea,Celosia argentea,3085191,5,2,1,1,3,5,5,4.371655801213105,4.371655801213105,moderate,,,,False,B_REGIONAL_ONLY,18.5204,73.8567
chrozophora rottleri,Chrozophora rottleri,3054492,5,2,1,1,3,5,5,8.202320018535715,8.202320018535715,moderate,,,,False,B_REGIONAL_ONLY,18.5204,73.8567
cochlospermum religiosum,Cochlospermum religiosum,2874867,5,2,1,1,3,5,5,8.195282460150688,8.195282460150688,moderate,,,,False,B_REGIONAL_ONLY,18.5204,73.8567
heliconia rostrata,Heliconia rostrata,2760967,5,2,1,1,3,5,5,7.366659676332374,7.366659676332374,moderate,,,,False,B_REGIONAL_ONLY,18.5204,73.8567
vachellia farnesiana,Vachellia farnesiana,2979265,5,2,1,1,3,5,5,6.639077757710356,6.639077757710356,moderate,,,,False,B_REGIONAL_ONLY,18.5204,73.8567
cyanthillium cinereum,Cyanthillium cinereum,6445734,5,3,1,1,3,4,5,1.4180688468223959,1.4180688468223959,moderate,,,,False,B_REGIONAL_ONLY,18.5204,73.8567
pterocarpus marsupium,Pterocarpus marsupium,5349309,3,1,1,1,3,3,3,8.064297137000603,8.064297137000603,weak,1.0,70.1,70.1,False,B_REGIONAL_ONLY,18.5204,73.8567
acmella radicans,Acmella radicans,5386729,4,2,1,1,3,3,4,5.226737423833456,5.226737423833456,weak,,,,False,B_REGIONAL_ONLY,18.5204,73.8567
ageratum conyzoides,Ageratum conyzoides,5401673,4,2,1,1,3,3,4,5.265812129545018,5.265812129545018,weak,,,,False,B_REGIONAL_ONLY,18.5204,73.8567
holmskioldia sanguinea,Holmskioldia sanguinea,2925665,4,2,1,1,3,3,4,4.7572341798674405,4.7572341798674405,weak,,,,False,B_REGIONAL_ONLY,18.5204,73.8567
macroptilium atropurpureum,Macroptilium atropurpureum,2945047,4,2,1,1,3,3,4,7.4764207131621605,7.4764207131621605,weak,,,,False,B_REGIONAL_ONLY,18.5204,73.8567
mecardonia procumbens,Mecardonia procumbens,3172014,4,2,1,1,3,3,4,5.257549297271404,5.257549297271404,weak,,,,False,B_REGIONAL_ONLY,18.5204,73.8567
psidium guajava,Psidium guajava,5420380,4,2,1,1,3,3,4,1.7559395845583896,1.7559395845583896,weak,,,,False,B_REGIONAL_ONLY,18.5204,73.8567
nyctanthes arbor-tristis,Nyctanthes arbor-tristis,3683008,3,3,1,1,3,3,3,4.9487384913862416,4.958943571607304,weak,,,,False,B_REGIONAL_ONLY,18.5204,73.8567
sphagneticola trilobata,Sphagneticola trilobata,3116842,3,3,1,1,3,3,3,3.3216762477739543,6.732627701848981,weak,,,,False,B_REGIONAL_ONLY,18.5204,73.8567
acalypha indica,Acalypha indica,3056259,3,1,1,1,3,3,3,1.4110761293327123,1.4110761293327123,weak,,,,False,B_REGIONAL_ONLY,18.5204,73.8567
achyranthes aspera,Achyranthes aspera,3085168,3,1,1,1,3,3,3,8.08839047449541,8.08839047449541,weak,,,,False,B_REGIONAL_ONLY,18.5204,73.8567
agave vivipara,Agave vivipara,2766811,3,1,1,1,3,3,3,8.24141000449718,8.24141000449718,weak,,,,False,B_REGIONAL_ONLY,18.5204,73.8567
alternanthera bettzickiana,Alternanthera bettzickiana,8189919,3,1,1,1,3,3,3,5.248634865522525,5.248634865522525,weak,,,,False,B_REGIONAL_ONLY,18.5204,73.8567
amaranthus spinosus,Amaranthus spinosus,5384401,3,1,1,1,3,3,3,6.451680593912348,6.451680593912348,weak,,,,False,B_REGIONAL_ONLY,18.5204,73.8567
annona reticulata,Annona reticulata,5407123,3,1,1,1,3,3,3,7.9691259924263855,7.9691259924263855,weak,,,,False,B_REGIONAL_ONLY,18.5204,73.8567
araucaria columnaris,Araucaria columnaris,2684921,3,1,1,1,3,3,3,1.6032666035758147,1.6032666035758147,weak,,,,False,B_REGIONAL_ONLY,18.5204,73.8567
artabotrys hexapetalus,Artabotrys hexapetalus,3154909,3,1,1,1,3,3,3,5.8705843198024965,5.8705843198024965,weak,,,,False,B_REGIONAL_ONLY,18.5204,73.8567
basella alba,Basella alba,3083504,3,1,1,1,3,3,3,4.835574178518814,4.835574178518814,weak,,,,False,B_REGIONAL_ONLY,18.5204,73.8567
blumea eriantha,Blumea eriantha,5395738,3,1,1,1,3,3,3,8.074523357604566,8.074523357604566,weak,,,,False,B_REGIONAL_ONLY,18.5204,73.8567
bougainvillea glabra,Bougainvillea glabra,5384862,3,1,1,1,3,3,3,4.194950931750525,4.194950931750525,weak,,,,False,B_REGIONAL_ONLY,18.5204,73.8567
cadaba fruticosa,Cadaba fruticosa,3872643,3,1,1,1,3,3,3,4.18794456056236,4.18794456056236,weak,,,,False,B_REGIONAL_ONLY,18.5204,73.8567
cassia roxburghii,Cassia roxburghii,5357138,3,1,1,1,3,3,3,1.3054887053624105,1.3054887053624105,weak,,,,False,B_REGIONAL_ONLY,18.5204,73.8567
celastrus paniculatus,Celastrus paniculatus,7265565,3,1,1,1,3,3,3,4.392653595370013,4.392653595370013,weak,,,,False,B_REGIONAL_ONLY,18.5204,73.8567
colocasia esculenta,Colocasia esculenta,5330776,3,1,1,1,3,3,3,7.4334579602730875,7.4334579602730875,weak,,,,False,B_REGIONAL_ONLY,18.5204,73.8567
commelina benghalensis,Commelina benghalensis,2763941,3,1,1,1,3,3,3,6.480342888957777,6.480342888957777,weak,,,,False,B_REGIONAL_ONLY,18.5204,73.8567
commelina forskaolii,Commelina forskaolii,4270425,3,1,1,1,3,3,3,8.107472986959754,8.107472986959754,weak,,,,False,B_REGIONAL_ONLY,18.5204,73.8567
crinum bulbispermum,Crinum bulbispermum,2853668,3,1,1,1,3,3,3,8.203356338320143,8.203356338320143,weak,,,,False,B_REGIONAL_ONLY,18.5204,73.8567
cucumis sativus,Cucumis sativus,2874569,3,1,1,1,3,3,3,2.1720130615189315,2.1720130615189315,weak,,,,False,B_REGIONAL_ONLY,18.5204,73.8567
cynodon dactylon,Cynodon dactylon,6109637,3,1,1,1,3,3,3,6.475760420534803,6.475760420534803,weak,,,,False,B_REGIONAL_ONLY,18.5204,73.8567
ecbolium ligustrinum,Ecbolium ligustrinum,5576253,3,1,1,1,3,3,3,2.90047023383779,2.90047023383779,weak,,,,False,B_REGIONAL_ONLY,18.5204,73.8567
eragrostis tenella,Eragrostis tenella,2705426,3,1,1,1,3,3,3,7.322128599812501,7.322128599812501,weak,,,,False,B_REGIONAL_ONLY,18.5204,73.8567
euphorbia heterophylla,Euphorbia heterophylla,3064495,3,1,1,1,3,3,3,7.376302188330462,7.376302188330462,weak,,,,False,B_REGIONAL_ONLY,18.5204,73.8567
ficus drupacea,Ficus drupacea,5361914,3,1,1,1,3,3,3,8.090609642916752,8.090609642916752,weak,,,,False,B_REGIONAL_ONLY,18.5204,73.8567
ficus elastica,Ficus elastica,7835333,3,1,1,1,3,3,3,1.248403295328738,1.248403295328738,weak,,,,False,B_REGIONAL_ONLY,18.5204,73.8567
foeniculum vulgare,Foeniculum vulgare,3034922,3,1,1,1,3,3,3,3.4709070712963768,3.4709070712963768,weak,,,,False,B_REGIONAL_ONLY,18.5204,73.8567
gardenia jasminoides,Gardenia jasminoides,5335125,3,1,1,1,3,3,3,2.358462256844788,2.358462256844788,weak,,,,False,B_REGIONAL_ONLY,18.5204,73.8567
hemidesmus indicus,Hemidesmus indicus,8125676,3,1,1,1,3,3,3,6.831127276480733,6.831127276480733,weak,,,,False,B_REGIONAL_ONLY,18.5204,73.8567
heptapleurum actinophyllum,Heptapleurum actinophyllum,11008739,3,1,1,1,3,3,3,6.569778806437117,6.569778806437117,weak,,,,False,B_REGIONAL_ONLY,18.5204,73.8567
hibiscus rosa-sinensis,Hibiscus rosa-sinensis,3152559,3,1,1,1,3,3,3,3.6371193969284046,3.6371193969284046,weak,,,,False,B_REGIONAL_ONLY,18.5204,73.8567
ipomoea parasitica,Ipomoea parasitica,4927124,3,1,1,1,3,3,3,8.195462034081116,8.195462034081116,weak,,,,False,B_REGIONAL_ONLY,18.5204,73.8567
ludwigia hyssopifolia,Ludwigia hyssopifolia,8924323,3,1,1,1,3,3,3,4.392653595370013,4.392653595370013,weak,,,,False,B_REGIONAL_ONLY,18.5204,73.8567
luffa aegyptiaca,Luffa aegyptiaca,2874599,3,1,1,1,3,3,3,8.217027136283315,8.217027136283315,weak,,,,False,B_REGIONAL_ONLY,18.5204,73.8567
madhuca longifolia,Madhuca longifolia,2883346,3,1,1,1,3,3,3,8.054939918956917,8.054939918956917,weak,,,,False,B_REGIONAL_ONLY,18.5204,73.8567
moringa oleifera,Moringa oleifera,3054181,3,1,1,1,3,3,3,6.379560783166317,6.379560783166317,weak,,,,False,B_REGIONAL_ONLY,18.5204,73.8567
mussaenda erythrophylla,Mussaenda erythrophylla,2892634,3,1,1,1,3,3,3,7.921848304541266,7.921848304541266,weak,,,,False,B_REGIONAL_ONLY,18.5204,73.8567
mussaenda philippica,Mussaenda philippica,2892466,3,1,1,1,3,3,3,5.948933140910624,5.948933140910624,weak,,,,False,B_REGIONAL_ONLY,18.5204,73.8567
passiflora foetida,Passiflora foetida,2874211,3,1,1,1,3,3,3,8.156212735105706,8.156212735105706,weak,,,,False,B_REGIONAL_ONLY,18.5204,73.8567
pergularia daemia,Pergularia daemia,3170445,3,1,1,1,3,3,3,8.23033767544766,8.23033767544766,weak,,,,False,B_REGIONAL_ONLY,18.5204,73.8567
phyllanthus lawii,Phyllanthus lawii,5382438,3,1,1,1,3,3,3,8.216517052192007,8.216517052192007,weak,,,,False,B_REGIONAL_ONLY,18.5204,73.8567
phyllanthus niruri,Phyllanthus niruri,5381945,3,1,1,1,3,3,3,8.156212735105706,8.156212735105706,weak,,,,False,B_REGIONAL_ONLY,18.5204,73.8567
pilea microphylla,Pilea microphylla,5361841,3,1,1,1,3,3,3,6.620155768929155,6.620155768929155,weak,,,,False,B_REGIONAL_ONLY,18.5204,73.8567
polyscias paniculata,Polyscias paniculata,8364104,3,1,1,1,3,3,3,4.173631821556166,4.173631821556166,weak,,,,False,B_REGIONAL_ONLY,18.5204,73.8567
putranjiva formosana,Putranjiva formosana,3076076,3,1,1,1,3,3,3,3.55593394706019,3.55593394706019,weak,,,,False,B_REGIONAL_ONLY,18.5204,73.8567
pyrostegia venusta,Pyrostegia venusta,3172569,3,1,1,1,3,3,3,7.0924181469686935,7.0924181469686935,weak,,,,False,B_REGIONAL_ONLY,18.5204,73.8567
rumex dentatus,Rumex dentatus,2889038,3,1,1,1,3,3,3,8.200829751773203,8.200829751773203,weak,,,,False,B_REGIONAL_ONLY,18.5204,73.8567
rungia elegans,Rungia elegans,3780489,3,1,1,1,3,3,3,4.371655801213105,4.371655801213105,weak,,,,False,B_REGIONAL_ONLY,18.5204,73.8567
saraca indica,Saraca indica,5359538,3,1,1,1,3,3,3,9.672478163536493,9.672478163536493,weak,,,,False,B_REGIONAL_ONLY,18.5204,73.8567
sauromatum venosum,Sauromatum venosum,2869597,3,1,1,1,3,3,3,4.910641013836703,4.910641013836703,weak,,,,False,B_REGIONAL_ONLY,18.5204,73.8567
sida cordata,Sida cordata,5406739,3,1,1,1,3,3,3,8.151347011163532,8.151347011163532,weak,,,,False,B_REGIONAL_ONLY,18.5204,73.8567
tabebuia heterophylla,Tabebuia heterophylla,3172526,3,1,1,1,3,3,3,1.305279019215801,1.305279019215801,weak,,,,False,B_REGIONAL_ONLY,18.5204,73.8567
thunbergia alata,Thunbergia alata,5415463,3,1,1,1,3,3,3,8.10866317111353,8.10866317111353,weak,,,,False,B_REGIONAL_ONLY,18.5204,73.8567
thunbergia fragrans,Thunbergia fragrans,5415458,3,1,1,1,3,3,3,7.949447532515832,7.949447532515832,weak,,,,False,B_REGIONAL_ONLY,18.5204,73.8567
thunbergia laurifolia,Thunbergia laurifolia,5415460,3,1,1,1,3,3,3,2.8981152330717577,2.8981152330717577,weak,,,,False,B_REGIONAL_ONLY,18.5204,73.8567
tradescantia zebrina,Tradescantia zebrina,2765359,3,1,1,1,3,3,3,7.433687389782705,7.433687389782705,weak,,,,False,B_REGIONAL_ONLY,18.5204,73.8567
veronica peregrina,Veronica peregrina,3172104,3,1,1,1,3,3,3,5.275611544643923,5.275611544643923,weak,,,,False,B_REGIONAL_ONLY,18.5204,73.8567
duranta erecta,Duranta erecta,2925655,4,3,1,1,2,4,4,6.407380806117952,11.653260391176921,weak,,,,False,B_REGIONAL_ONLY,18.5204,73.8567
punica granatum,Punica granatum,5420901,4,2,1,1,2,4,4,8.879690089285612,12.947830968427073,weak,,,,False,B_REGIONAL_ONLY,18.5204,73.8567
ledebouria revoluta,Ledebouria revoluta,2773721,2,2,1,1,2,2,2,4.2283897296261905,4.305941183946244,weak,,,,False,B_REGIONAL_ONLY,18.5204,73.8567
neolamarckia cadamba,Neolamarckia cadamba,2896888,2,2,1,1,2,2,2,5.33784704366127,6.706084926487953,weak,,,,False,B_REGIONAL_ONLY,18.5204,73.8567
plumeria pudica,Plumeria pudica,3614691,2,2,1,1,2,2,2,3.3895473107758574,4.853868645400825,weak,,,,False,B_REGIONAL_ONLY,18.5204,73.8567
rivina humilis,Rivina humilis,3084027,2,2,1,1,2,2,2,2.8106344001414696,5.158781953265851,weak,,,,False,B_REGIONAL_ONLY,18.5204,73.8567
sieruela rutidosperma,Sieruela rutidosperma,9778787,2,2,1,1,2,2,2,7.972593059365311,7.998494016122726,weak,,,,False,B_REGIONAL_ONLY,18.5204,73.8567
cordia sinensis,Cordia sinensis,5660676,2,1,1,1,2,2,2,2.3575839173216773,2.3575839173216773,weak,,,,False,B_REGIONAL_ONLY,18.5204,73.8567
momordica charantia,Momordica charantia,2874581,2,1,1,1,2,2,2,6.29860424514415,6.29860424514415,weak,,,,False,B_REGIONAL_ONLY,18.5204,73.8567
phyllanthus acidus,Phyllanthus acidus,5381567,2,1,1,1,2,2,2,4.805693736415733,4.805693736415733,weak,,,,False,B_REGIONAL_ONLY,18.5204,73.8567
tinospora cordifolia,Tinospora cordifolia,7520328,2,1,1,1,2,2,2,8.497707080536827,8.497707080536827,weak,,,,False,B_REGIONAL_ONLY,18.5204,73.8567
vachellia nilotica,Vachellia nilotica,3974744,11,8,1,1,1,8,11,2.281606919617181,11.638603305030603,moderate,,,,False,B_REGIONAL_ONLY,18.5204,73.8567
phyla nodiflora,Phyla nodiflora,5341112,6,4,1,1,1,5,6,4.255202854377545,24.035424776682248,moderate,,,,False,B_REGIONAL_ONLY,18.5204,73.8567
asparagus racemosus,Asparagus racemosus,2768632,5,3,1,1,1,5,5,4.348720293407868,16.91132719168579,moderate,,,,False,B_REGIONAL_ONLY,18.5204,73.8567
phyllanthus emblica,Phyllanthus emblica,5381660,3,2,1,1,1,3,3,5.228835458784525,13.167769599785865,weak,4.0,72.025,74.8,False,B_REGIONAL_ONLY,18.5204,73.8567
ehretia laevis,Ehretia laevis,4066496,3,2,1,1,1,3,3,4.154486957395854,20.808449800893392,weak,,,,False,B_REGIONAL_ONLY,18.5204,73.8567
arivela viscosa,Arivela viscosa,6370562,2,2,1,1,1,2,2,8.471860572985605,11.365377088515682,weak,,,,False,B_REGIONAL_ONLY,18.5204,73.8567
terminalia bellirica,Terminalia bellirica,3189390,2,2,1,1,1,1,2,7.921848304541266,19.234177328907617,weak,4.0,66.525,72.4,False,B_REGIONAL_ONLY,18.5204,73.8567
chloris virgata,Chloris virgata,5289624,2,2,1,1,1,1,2,4.5770223101530085,17.494110807089818,weak,,,,False,B_REGIONAL_ONLY,18.5204,73.8567
acalypha hispida,Acalypha hispida,3056375,1,1,1,1,1,1,1,5.594094807053978,5.594094807053978,very_weak,,,,False,B_REGIONAL_ONLY,18.5204,73.8567
ailanthus excelsa,Ailanthus excelsa,3709036,1,1,1,1,1,1,1,4.543991299935321,4.543991299935321,very_weak,,,,False,B_REGIONAL_ONLY,18.5204,73.8567
allamanda cathartica,Allamanda cathartica,3169836,1,1,1,1,1,1,1,6.318189980025792,6.318189980025792,very_weak,,,,False,B_REGIONAL_ONLY,18.5204,73.8567
cryptostegia grandiflora,Cryptostegia grandiflora,3170473,1,1,1,1,1,1,1,4.832730837126266,4.832730837126266,very_weak,,,,False,B_REGIONAL_ONLY,18.5204,73.8567
eucalyptus globulus,Eucalyptus globulus,3176787,1,1,1,1,1,1,1,4.534426885300796,4.534426885300796,very_weak,,,,False,B_REGIONAL_ONLY,18.5204,73.8567
euphorbia tithymaloides,Euphorbia tithymaloides,3069168,1,1,1,1,1,1,1,4.962037250881672,4.962037250881672,very_weak,,,,False,B_REGIONAL_ONLY,18.5204,73.8567
hibiscus archeri,Hibiscus archeri,3939736,1,1,1,1,1,1,1,8.158474683967702,8.158474683967702,very_weak,,,,False,B_REGIONAL_ONLY,18.5204,73.8567
jasminum sambac,Jasminum sambac,7587215,1,1,1,1,1,1,1,5.669153132984036,5.669153132984036,very_weak,,,,False,B_REGIONAL_ONLY,18.5204,73.8567
ochna obtusata,Ochna obtusata,7326708,1,1,1,1,1,1,1,3.2881791559571045,3.2881791559571045,very_weak,,,,False,B_REGIONAL_ONLY,18.5204,73.8567
oroxylum indicum,Oroxylum indicum,7414934,1,1,1,1,1,1,1,5.864207752402276,5.864207752402276,very_weak,,,,False,B_REGIONAL_ONLY,18.5204,73.8567
oxalis latifolia,Oxalis latifolia,2891755,1,1,1,1,1,1,1,4.997489288515595,4.997489288515595,very_weak,,,,False,B_REGIONAL_ONLY,18.5204,73.8567
pentas lanceolata,Pentas lanceolata,2908986,1,1,1,1,1,1,1,8.521817786553633,8.521817786553633,very_weak,,,,False,B_REGIONAL_ONLY,18.5204,73.8567
tabebuia aurea,Tabebuia aurea,4091191,1,1,1,1,1,1,1,4.5049918383409,4.5049918383409,very_weak,,,,False,B_REGIONAL_ONLY,18.5204,73.8567
terminalia anogeissiana,Terminalia anogeissiana,9256805,1,1,1,1,1,1,1,6.988936137122464,6.988936137122464,very_weak,,,,False,B_REGIONAL_ONLY,18.5204,73.8567
tradescantia spathacea,Tradescantia spathacea,2765230,1,1,1,1,1,1,1,5.585308213731955,5.585308213731955,very_weak,,,,False,B_REGIONAL_ONLY,18.5204,73.8567
ulmus parvifolia,Ulmus parvifolia,5361869,1,1,1,1,1,1,1,2.168387423428705,2.168387423428705,very_weak,,,,False,B_REGIONAL_ONLY,18.5204,73.8567
zephyranthes candida,Zephyranthes candida,2859976,1,1,1,1,1,1,1,8.28031756206984,8.28031756206984,very_weak,,,,False,B_REGIONAL_ONLY,18.5204,73.8567
melinis repens,Melinis repens,2702504,12,6,1,1,0,12,12,12.817526188531966,13.707777967020673,moderate,,,,False,B_REGIONAL_ONLY,18.5204,73.8567
blumea axillaris,Blumea axillaris,5395843,11,6,1,1,0,10,11,11.268999526059085,13.653147033989697,moderate,,,,False,B_REGIONAL_ONLY,18.5204,73.8567
erythrina stricta,Erythrina stricta,5349642,6,2,1,1,0,6,6,10.616385700528848,17.33642910431877,moderate,4.0,84.06905918,85.48969650999999,False,B_REGIONAL_ONLY,18.5204,73.8567
ficus auriculata,Ficus auriculata,5571773,6,3,1,1,0,6,6,16.809079326813105,17.102743528495747,moderate,,,,False,B_REGIONAL_ONLY,18.5204,73.8567
helicteres isora,Helicteres isora,5546922,6,3,1,1,0,6,6,18.53526260352141,18.60382995636404,moderate,,,,False,B_REGIONAL_ONLY,18.5204,73.8567
canna indica,Canna indica,8034409,4,2,1,1,0,4,4,16.78132226909695,16.91091497545922,weak,,,,False,B_REGIONAL_ONLY,18.5204,73.8567
crossandra infundibuliformis,Crossandra infundibuliformis,6359825,4,2,1,1,0,4,4,10.31852884373792,13.592151191448972,weak,,,,False,B_REGIONAL_ONLY,18.5204,73.8567
dalbergia melanoxylon,Dalbergia melanoxylon,2968897,4,2,1,1,0,4,4,14.73398732459206,16.73707518829675,weak,,,,False,B_REGIONAL_ONLY,18.5204,73.8567
lantana montevidensis,Lantana montevidensis,2925314,4,2,1,1,0,4,4,20.581163439729696,20.695126298436776,weak,,,,False,B_REGIONAL_ONLY,18.5204,73.8567
ocimum tenuiflorum,Ocimum tenuiflorum,2927100,4,2,1,1,0,4,4,10.884614992280511,10.888048552817471,weak,,,,False,B_REGIONAL_ONLY,18.5204,73.8567
physalis angulata,Physalis angulata,5341792,4,2,1,1,0,4,4,24.102968152983465,24.385919954213534,weak,,,,False,B_REGIONAL_ONLY,18.5204,73.8567
trema orientale,Trema orientale,2984508,4,2,1,1,0,4,4,18.56483114119557,18.57612103122696,weak,,,,False,B_REGIONAL_ONLY,18.5204,73.8567
diospyros melanoxylon,Diospyros melanoxylon,7715874,4,1,1,1,0,4,4,20.614886045221542,20.614886045221542,weak,,,,False,B_REGIONAL_ONLY,18.5204,73.8567
ixora coccinea,Ixora coccinea,8793122,3,2,1,1,0,3,3,16.964006120884854,16.964006120884854,weak,,,,False,B_REGIONAL_ONLY,18.5204,73.8567
passiflora l.,Passiflora L.,2874172,3,2,1,1,0,3,3,16.798342545115744,16.798342545115744,weak,,,,False,B_REGIONAL_ONLY,18.5204,73.8567
alternanthera sessilis,Alternanthera sessilis,3084939,3,2,1,1,0,2,3,18.193447122768358,18.193447122768358,weak,,,,False,B_REGIONAL_ONLY,18.5204,73.8567
anacardium occidentale,Anacardium occidentale,5421368,3,2,1,1,0,2,3,14.821965364897729,14.821965364897729,weak,,,,False,B_REGIONAL_ONLY,18.5204,73.8567
abutilon theophrasti,Abutilon theophrasti,3152614,2,1,1,1,0,2,2,24.102968152983465,24.102968152983465,weak,,,,False,B_REGIONAL_ONLY,18.5204,73.8567
acalypha wilkesiana,Acalypha wilkesiana,3057221,2,1,1,1,0,2,2,16.927897616019543,16.927897616019543,weak,,,,False,B_REGIONAL_ONLY,18.5204,73.8567
acmella uliginosa,Acmella uliginosa,5386720,2,1,1,1,0,2,2,18.193447122768358,18.193447122768358,weak,,,,False,B_REGIONAL_ONLY,18.5204,73.8567
barleria cristata,Barleria cristata,3173128,2,1,1,1,0,2,2,16.871569629685492,16.871569629685492,weak,,,,False,B_REGIONAL_ONLY,18.5204,73.8567
borassus flabellifer,Borassus flabellifer,2733934,2,1,1,1,0,2,2,24.24715154478919,24.24715154478919,weak,,,,False,B_REGIONAL_ONLY,18.5204,73.8567
bridelia retusa,Bridelia retusa,3076196,2,1,1,1,0,2,2,23.999157906621903,23.999157906621903,weak,,,,False,B_REGIONAL_ONLY,18.5204,73.8567
campanula dimorphantha,Campanula dimorphantha,5410893,2,1,1,1,0,2,2,20.085529879526533,20.085529879526533,weak,,,,False,B_REGIONAL_ONLY,18.5204,73.8567
canna hybrida,Canna hybrida,7529533,2,1,1,1,0,2,2,23.84119607649233,23.84119607649233,weak,,,,False,B_REGIONAL_ONLY,18.5204,73.8567
capparis divaricata,Capparis divaricata,5602501,2,1,1,1,0,2,2,14.69498350631761,14.69498350631761,weak,,,,False,B_REGIONAL_ONLY,18.5204,73.8567
clerodendrum thomsoniae,Clerodendrum thomsoniae,3889087,2,1,1,1,0,2,2,13.564541273522316,13.564541273522316,weak,,,,False,B_REGIONAL_ONLY,18.5204,73.8567
crassocephalum crepidioides,Crassocephalum crepidioides,3115443,2,1,1,1,0,2,2,12.820573333334616,12.820573333334616,weak,,,,False,B_REGIONAL_ONLY,18.5204,73.8567
cyathocline purpurea,Cyathocline purpurea,3142265,2,1,1,1,0,2,2,23.03382906772501,23.03382906772501,weak,,,,False,B_REGIONAL_ONLY,18.5204,73.8567
datura innoxia,Datura innoxia,2928755,2,1,1,1,0,2,2,16.892977461747495,16.892977461747495,weak,,,,False,B_REGIONAL_ONLY,18.5204,73.8567
evolvulus alsinoides,Evolvulus alsinoides,2928673,2,1,1,1,0,2,2,12.154608632405086,12.154608632405086,weak,,,,False,B_REGIONAL_ONLY,18.5204,73.8567
flueggea leucopyrus,Flueggea leucopyrus,5382877,2,1,1,1,0,2,2,14.86190494718139,14.86190494718139,weak,,,,False,B_REGIONAL_ONLY,18.5204,73.8567
hamelia patens,Hamelia patens,2902066,2,1,1,1,0,2,2,17.124725740699052,17.124725740699052,weak,,,,False,B_REGIONAL_ONLY,18.5204,73.8567
heptapleurum arboricola,Heptapleurum arboricola,3038724,2,1,1,1,0,2,2,10.324760310775213,10.324760310775213,weak,,,,False,B_REGIONAL_ONLY,18.5204,73.8567
indigofera linifolia,Indigofera linifolia,2971525,2,1,1,1,0,2,2,12.185663635465556,12.185663635465556,weak,,,,False,B_REGIONAL_ONLY,18.5204,73.8567
ipomoea hederifolia,Ipomoea hederifolia,2928624,2,1,1,1,0,2,2,17.01728096266035,17.01728096266035,weak,,,,False,B_REGIONAL_ONLY,18.5204,73.8567
jatropha integerrima,Jatropha integerrima,3073017,2,1,1,1,0,2,2,16.791343249378436,16.791343249378436,weak,,,,False,B_REGIONAL_ONLY,18.5204,73.8567
lantana strigocamara,Lantana strigocamara,4084229,2,1,1,1,0,2,2,13.288539757033767,13.288539757033767,weak,,,,False,B_REGIONAL_ONLY,18.5204,73.8567
manilkara hexandra,Manilkara hexandra,2885079,2,1,1,1,0,2,2,16.815852036638297,16.815852036638297,weak,,,,False,B_REGIONAL_ONLY,18.5204,73.8567
manilkara zapota,Manilkara zapota,2885158,2,1,1,1,0,2,2,16.991969631060503,16.991969631060503,weak,,,,False,B_REGIONAL_ONLY,18.5204,73.8567
mikania micrantha,Mikania micrantha,5398421,2,1,1,1,0,2,2,14.441801831608322,14.441801831608322,weak,,,,False,B_REGIONAL_ONLY,18.5204,73.8567
nymphaea pubescens,Nymphaea pubescens,3697240,2,1,1,1,0,2,2,14.743794647865073,14.743794647865073,weak,,,,False,B_REGIONAL_ONLY,18.5204,73.8567
ocimum kilimandscharicum,Ocimum kilimandscharicum,8344835,2,1,1,1,0,2,2,17.07865801491829,17.07865801491829,weak,,,,False,B_REGIONAL_ONLY,18.5204,73.8567
operculina turpethum,Operculina turpethum,5341747,2,1,1,1,0,2,2,14.344473388070675,14.344473388070675,weak,,,,False,B_REGIONAL_ONLY,18.5204,73.8567
ottelia alismoides,Ottelia alismoides,5329515,2,1,1,1,0,2,2,24.102968152983465,24.102968152983465,weak,,,,False,B_REGIONAL_ONLY,18.5204,73.8567
oxalis debilis,Oxalis debilis,2891707,2,1,1,1,0,2,2,14.69544706390855,14.69544706390855,weak,,,,False,B_REGIONAL_ONLY,18.5204,73.8567
salvia coccinea,Salvia coccinea,9278365,2,1,1,1,0,2,2,10.509365183532392,10.509365183532392,weak,,,,False,B_REGIONAL_ONLY,18.5204,73.8567
senna uniflora,Senna uniflora,2957498,2,1,1,1,0,2,2,12.014462934863998,12.014462934863998,weak,,,,False,B_REGIONAL_ONLY,18.5204,73.8567
solanum hovei,Solanum hovei,2931972,2,1,1,1,0,2,2,18.193447122768358,18.193447122768358,weak,,,,False,B_REGIONAL_ONLY,18.5204,73.8567
soymida febrifuga,Soymida febrifuga,3850622,2,1,1,1,0,2,2,16.83256175500066,16.83256175500066,weak,,,,False,B_REGIONAL_ONLY,18.5204,73.8567
spermacoce remota,Spermacoce remota,2918667,2,1,1,1,0,2,2,11.318606135010462,11.318606135010462,weak,,,,False,B_REGIONAL_ONLY,18.5204,73.8567
striga gesnerioides,Striga gesnerioides,3171158,2,1,1,1,0,2,2,20.053993267255855,20.053993267255855,weak,,,,False,B_REGIONAL_ONLY,18.5204,73.8567
tradescantia pallida,Tradescantia pallida,2765221,2,1,1,1,0,2,2,13.078356035298524,13.078356035298524,weak,,,,False,B_REGIONAL_ONLY,18.5204,73.8567
